SessionId,CheckpointId,RunId,ScanIndex,SourceFile,RawRowCount,MatchedRowCount,UnmatchedRowCount,MatchedFeatureCount,Ap00Df24G,Ap00Df5G,Ap2436Da9D3C24G,Ap2436Da9Df124G,Ap2436DaA38924G,Ap2436DaA3895G,Ap40017A539724G,Ap40017A53975G,Ap6C310E56E124G,Ap6C310E56E15G,Ap7488Bb8Aaa24G,ApF80BCbF38824G
A1_R1,A1,1,1,A1_R1_S1.txt,125,55,70,10,-66,-64,-100,-100,-79,-79,-61,-63,-29,-40,-76,-81
A1_R1,A1,1,2,A1_R1_S2.txt,107,46,61,9,-67,-65,-65,-100,-100,-100,-67,-57,-31,-38,-68,-56
A1_R1,A1,1,3,A1_R1_S3.txt,111,42,69,8,-100,-69,-65,-100,-100,-100,-67,-56,-33,-39,-68,-54
A1_R1,A1,1,4,A1_R1_S4.txt,113,47,66,10,-58,-64,-65,-91,-100,-100,-68,-56,-33,-36,-69,-54
A1_R1,A1,1,5,A1_R1_S5.txt,111,48,63,11,-61,-67,-61,-91,-82,-100,-68,-57,-32,-39,-69,-54
A1_R1,A1,1,6,A1_R1_S6.txt,112,45,67,8,-65,-71,-61,-100,-82,-100,-70,-57,-32,-37,-100,-100
A1_R1,A1,1,7,A1_R1_S7.txt,118,46,72,8,-100,-67,-65,-100,-100,-100,-67,-56,-31,-40,-68,-57
A1_R1,A1,1,8,A1_R1_S8.txt,108,41,67,7,-100,-67,-65,-100,-100,-100,-66,-56,-30,-38,-68,-100
A1_R1,A1,1,9,A1_R1_S9.txt,128,46,82,8,-65,-70,-66,-100,-100,-100,-69,-55,-30,-37,-73,-100
A1_R1,A1,1,10,A1_R1_S10.txt,122,48,74,9,-65,-68,-66,-100,-100,-100,-63,-56,-32,-40,-73,-58
A1_R1,A1,1,11,A1_R1_S11.txt,128,50,78,8,-64,-67,-62,-100,-100,-100,-66,-56,-32,-38,-100,-55
A1_R1,A1,1,12,A1_R1_S12.txt,117,51,66,9,-64,-63,-68,-100,-100,-100,-66,-57,-32,-38,-70,-57
A1_R1,A1,1,13,A1_R1_S13.txt,121,52,69,9,-67,-57,-64,-100,-100,-100,-66,-56,-35,-38,-65,-54
A1_R1,A1,1,14,A1_R1_S14.txt,125,48,77,9,-68,-60,-65,-100,-100,-100,-69,-57,-32,-38,-66,-54
A1_R1,A1,1,15,A1_R1_S15.txt,121,46,75,9,-68,-63,-63,-100,-100,-100,-84,-56,-29,-37,-71,-56
A1_R2,A1,2,1,A1_R2_S1.txt,114,41,73,7,-64,-67,-85,-100,-100,-100,-62,-70,-100,-52,-73,-100
A1_R2,A1,2,2,A1_R2_S2.txt,127,43,84,8,-64,-62,-62,-100,-100,-100,-100,-68,-32,-48,-73,-58
A1_R2,A1,2,3,A1_R2_S3.txt,140,50,90,9,-65,-58,-62,-100,-100,-100,-65,-66,-32,-46,-67,-58
A1_R2,A1,2,4,A1_R2_S4.txt,142,53,89,8,-67,-63,-67,-100,-100,-100,-62,-66,-100,-46,-65,-58
A1_R2,A1,2,5,A1_R2_S5.txt,126,50,76,8,-67,-67,-67,-100,-100,-100,-62,-66,-100,-49,-65,-58
A1_R2,A1,2,6,A1_R2_S6.txt,161,69,92,9,-66,-58,-65,-100,-100,-100,-61,-65,-30,-43,-65,-57
A1_R2,A1,2,7,A1_R2_S7.txt,157,66,91,9,-66,-58,-65,-100,-100,-100,-61,-65,-30,-44,-65,-57
A1_R2,A1,2,8,A1_R2_S8.txt,135,54,81,9,-67,-59,-65,-100,-100,-100,-60,-66,-29,-44,-67,-58
A1_R2,A1,2,9,A1_R2_S9.txt,150,63,87,9,-65,-59,-68,-100,-100,-100,-60,-66,-28,-42,-68,-58
A1_R2,A1,2,10,A1_R2_S10.txt,157,57,100,9,-65,-57,-68,-100,-100,-100,-61,-68,-28,-43,-62,-62
A1_R2,A1,2,11,A1_R2_S11.txt,135,49,86,8,-63,-57,-69,-100,-100,-100,-62,-68,-30,-44,-62,-100
A1_R2,A1,2,12,A1_R2_S12.txt,137,56,81,9,-63,-57,-69,-100,-100,-100,-67,-66,-29,-47,-63,-57
A1_R2,A1,2,13,A1_R2_S13.txt,146,56,90,9,-65,-57,-69,-100,-100,-100,-67,-66,-32,-46,-64,-57
A1_R2,A1,2,14,A1_R2_S14.txt,135,51,84,9,-65,-57,-68,-100,-100,-100,-69,-68,-32,-45,-64,-57
A1_R2,A1,2,15,A1_R2_S15.txt,143,56,87,9,-65,-57,-67,-100,-100,-100,-62,-67,-32,-41,-65,-57
A1_R3,A1,3,1,A1_R3_S1.txt,111,42,69,7,-80,-100,-66,-100,-100,-100,-80,-81,-51,-63,-100,-67
A1_R3,A1,3,2,A1_R3_S2.txt,100,33,67,5,-100,-69,-100,-100,-100,-100,-65,-73,-100,-48,-100,-66
A1_R3,A1,3,3,A1_R3_S3.txt,125,54,71,9,-63,-70,-66,-100,-100,-100,-69,-61,-28,-48,-62,-55
A1_R3,A1,3,4,A1_R3_S4.txt,119,48,71,8,-65,-72,-66,-100,-100,-100,-64,-63,-100,-47,-64,-55
A1_R3,A1,3,5,A1_R3_S5.txt,120,52,68,8,-64,-68,-65,-100,-100,-100,-64,-65,-100,-53,-61,-54
A1_R3,A1,3,6,A1_R3_S6.txt,116,44,72,7,-100,-69,-100,-100,-100,-100,-61,-61,-31,-49,-68,-55
A1_R3,A1,3,7,A1_R3_S7.txt,128,54,74,9,-65,-70,-63,-100,-100,-100,-67,-62,-31,-54,-67,-55
A1_R3,A1,3,8,A1_R3_S8.txt,135,52,83,8,-66,-70,-66,-100,-100,-100,-65,-62,-32,-55,-66,-100
A1_R3,A1,3,9,A1_R3_S9.txt,135,55,80,9,-100,-66,-70,-85,-100,-100,-61,-64,-28,-41,-64,-60
A1_R3,A1,3,10,A1_R3_S10.txt,118,52,66,8,-59,-66,-67,-100,-100,-100,-63,-62,-31,-44,-100,-59
A1_R3,A1,3,11,A1_R3_S11.txt,125,49,76,8,-100,-66,-68,-100,-100,-100,-64,-62,-31,-45,-69,-58
A1_R3,A1,3,12,A1_R3_S12.txt,98,41,57,6,-100,-67,-100,-100,-100,-100,-64,-62,-100,-42,-69,-59
A1_R3,A1,3,13,A1_R3_S13.txt,136,57,79,9,-57,-67,-64,-100,-100,-100,-64,-62,-32,-45,-71,-59
A1_R3,A1,3,14,A1_R3_S14.txt,113,52,61,8,-100,-64,-65,-84,-100,-100,-63,-63,-100,-39,-58,-59
A1_R3,A1,3,15,A1_R3_S15.txt,119,42,77,7,-57,-66,-100,-100,-100,-100,-66,-65,-30,-47,-63,-100
A2_R1,A2,1,1,A2_R1_S1.txt,135,44,91,6,-100,-70,-71,-100,-100,-100,-53,-71,-54,-62,-100,-100
A2_R1,A2,1,2,A2_R1_S2.txt,113,41,72,7,-100,-65,-100,-100,-100,-100,-57,-65,-55,-62,-69,-43
A2_R1,A2,1,3,A2_R1_S3.txt,111,40,71,6,-100,-65,-100,-100,-100,-100,-57,-65,-100,-62,-69,-43
A2_R1,A2,1,4,A2_R1_S4.txt,138,52,86,8,-64,-67,-71,-100,-100,-100,-58,-65,-100,-61,-73,-43
A2_R1,A2,1,5,A2_R1_S5.txt,134,55,79,9,-63,-68,-71,-100,-100,-100,-59,-63,-54,-63,-69,-45
A2_R1,A2,1,6,A2_R1_S6.txt,107,46,61,6,-68,-71,-100,-100,-100,-100,-58,-67,-100,-63,-100,-43
A2_R1,A2,1,7,A2_R1_S7.txt,123,50,73,8,-72,-72,-100,-100,-100,-100,-57,-64,-56,-69,-77,-43
A2_R1,A2,1,8,A2_R1_S8.txt,120,46,74,9,-61,-69,-74,-100,-100,-100,-58,-66,-56,-61,-77,-43
A2_R1,A2,1,9,A2_R1_S9.txt,123,44,79,9,-65,-64,-74,-100,-100,-100,-58,-63,-56,-65,-72,-43
A2_R1,A2,1,10,A2_R1_S10.txt,143,56,87,9,-65,-64,-74,-100,-100,-100,-58,-67,-54,-68,-72,-47
A2_R1,A2,1,11,A2_R1_S11.txt,136,53,83,8,-100,-65,-79,-100,-100,-100,-59,-67,-54,-64,-73,-52
A2_R1,A2,1,12,A2_R1_S12.txt,142,55,87,9,-64,-65,-79,-100,-100,-100,-60,-67,-54,-67,-73,-52
A2_R1,A2,1,13,A2_R1_S13.txt,108,41,67,9,-61,-66,-79,-100,-100,-100,-60,-68,-61,-64,-76,-52
A2_R1,A2,1,14,A2_R1_S14.txt,93,39,54,6,-64,-69,-100,-100,-100,-100,-64,-68,-61,-64,-100,-100
A2_R1,A2,1,15,A2_R1_S15.txt,120,52,68,8,-64,-73,-73,-100,-100,-100,-60,-62,-62,-60,-100,-45
A2_R2,A2,2,1,A2_R2_S1.txt,124,41,83,8,-100,-73,-67,-100,-100,-100,-61,-70,-34,-64,-66,-52
A2_R2,A2,2,2,A2_R2_S2.txt,148,46,102,7,-100,-68,-71,-100,-100,-100,-61,-62,-34,-67,-100,-43
A2_R2,A2,2,3,A2_R2_S3.txt,167,52,115,8,-100,-68,-71,-100,-100,-100,-61,-62,-47,-68,-76,-43
A2_R2,A2,2,4,A2_R2_S4.txt,148,58,90,9,-68,-70,-74,-100,-100,-100,-63,-62,-58,-66,-74,-42
A2_R2,A2,2,5,A2_R2_S5.txt,148,58,90,9,-68,-70,-74,-100,-100,-100,-63,-62,-58,-66,-74,-42
A2_R2,A2,2,6,A2_R2_S6.txt,149,55,94,9,-68,-68,-72,-100,-100,-100,-62,-65,-58,-67,-74,-42
A2_R2,A2,2,7,A2_R2_S7.txt,164,54,110,9,-68,-66,-74,-100,-100,-100,-65,-62,-58,-68,-74,-42
A2_R2,A2,2,8,A2_R2_S8.txt,146,43,103,7,-100,-65,-76,-100,-100,-100,-66,-63,-58,-66,-100,-43
A2_R2,A2,2,9,A2_R2_S9.txt,167,59,108,9,-72,-69,-76,-100,-100,-100,-58,-57,-58,-66,-75,-42
A2_R2,A2,2,10,A2_R2_S10.txt,161,55,106,8,-72,-68,-72,-100,-100,-100,-58,-60,-100,-62,-72,-42
A2_R2,A2,2,11,A2_R2_S11.txt,153,46,107,8,-75,-68,-72,-100,-100,-100,-61,-57,-100,-66,-71,-42
A2_R2,A2,2,12,A2_R2_S12.txt,162,57,105,9,-75,-68,-74,-100,-100,-100,-59,-53,-57,-70,-71,-40
A2_R2,A2,2,13,A2_R2_S13.txt,157,59,98,9,-75,-68,-74,-100,-100,-100,-59,-57,-57,-68,-72,-42
A2_R2,A2,2,14,A2_R2_S14.txt,168,61,107,9,-68,-68,-74,-100,-100,-100,-59,-60,-60,-66,-72,-42
A2_R2,A2,2,15,A2_R2_S15.txt,161,58,103,9,-68,-68,-75,-100,-100,-100,-59,-62,-59,-69,-73,-43
A2_R3,A2,3,1,A2_R3_S1.txt,139,47,92,9,-69,-62,-79,-100,-100,-100,-60,-65,-53,-68,-76,-29
A2_R3,A2,3,2,A2_R3_S2.txt,130,52,78,9,-65,-67,-76,-100,-100,-100,-55,-61,-53,-63,-71,-52
A2_R3,A2,3,3,A2_R3_S3.txt,120,44,76,6,-100,-68,-100,-100,-100,-100,-60,-63,-100,-63,-72,-41
A2_R3,A2,3,4,A2_R3_S4.txt,142,49,93,7,-100,-67,-75,-100,-100,-100,-60,-62,-55,-63,-74,-100
A2_R3,A2,3,5,A2_R3_S5.txt,129,47,82,6,-100,-65,-72,-100,-100,-100,-60,-63,-100,-64,-100,-45
A2_R3,A2,3,6,A2_R3_S6.txt,146,60,86,9,-68,-65,-70,-100,-100,-100,-61,-57,-58,-65,-74,-43
A2_R3,A2,3,7,A2_R3_S7.txt,143,57,86,9,-70,-68,-74,-100,-100,-100,-61,-60,-58,-63,-73,-42
A2_R3,A2,3,8,A2_R3_S8.txt,131,57,74,9,-67,-67,-72,-100,-100,-100,-57,-60,-57,-62,-75,-42
A2_R3,A2,3,9,A2_R3_S9.txt,132,54,78,8,-67,-66,-100,-100,-100,-100,-60,-60,-57,-63,-70,-42
A2_R3,A2,3,10,A2_R3_S10.txt,128,50,78,8,-70,-66,-75,-100,-100,-100,-58,-59,-55,-62,-74,-100
A2_R3,A2,3,11,A2_R3_S11.txt,140,46,94,7,-100,-69,-74,-100,-100,-100,-57,-59,-51,-63,-71,-100
A2_R3,A2,3,12,A2_R3_S12.txt,134,49,85,8,-72,-66,-76,-100,-100,-100,-69,-62,-100,-63,-72,-44
A2_R3,A2,3,13,A2_R3_S13.txt,140,57,83,8,-65,-66,-72,-100,-100,-100,-60,-59,-56,-63,-70,-100
A2_R3,A2,3,14,A2_R3_S14.txt,139,51,88,8,-64,-67,-72,-100,-100,-100,-70,-61,-58,-63,-71,-100
A2_R3,A2,3,15,A2_R3_S15.txt,132,52,80,8,-66,-67,-100,-100,-100,-100,-60,-62,-57,-63,-71,-45
A3_R1,A3,1,1,A3_R1_S1.txt,128,52,76,8,-63,-66,-73,-100,-100,-100,-60,-69,-62,-66,-100,-45
A3_R1,A3,1,2,A3_R1_S2.txt,112,37,75,6,-100,-69,-100,-100,-100,-100,-51,-64,-100,-69,-65,-28
A3_R1,A3,1,3,A3_R1_S3.txt,119,51,68,9,-67,-67,-83,-100,-100,-100,-52,-63,-59,-70,-65,-28
A3_R1,A3,1,4,A3_R1_S4.txt,104,41,63,8,-67,-68,-83,-100,-100,-100,-54,-62,-100,-72,-68,-31
A3_R1,A3,1,5,A3_R1_S5.txt,100,39,61,8,-67,-68,-100,-100,-100,-100,-54,-61,-67,-69,-68,-31
A3_R1,A3,1,6,A3_R1_S6.txt,124,48,76,9,-66,-64,-79,-100,-100,-100,-68,-59,-57,-68,-62,-27
A3_R1,A3,1,7,A3_R1_S7.txt,100,37,63,8,-66,-64,-80,-100,-100,-100,-77,-64,-100,-70,-62,-27
A3_R1,A3,1,8,A3_R1_S8.txt,101,41,60,7,-100,-67,-81,-100,-100,-100,-56,-66,-65,-73,-100,-26
A3_R1,A3,1,9,A3_R1_S9.txt,116,46,70,7,-100,-64,-81,-100,-100,-100,-57,-67,-65,-73,-100,-30
A3_R1,A3,1,10,A3_R1_S10.txt,123,56,67,9,-64,-69,-78,-100,-100,-100,-51,-60,-62,-67,-67,-27
A3_R1,A3,1,11,A3_R1_S11.txt,135,56,79,9,-65,-67,-78,-100,-100,-100,-51,-60,-62,-67,-67,-27
A3_R1,A3,1,12,A3_R1_S12.txt,117,41,76,8,-65,-63,-82,-100,-100,-100,-51,-67,-100,-63,-69,-27
A3_R1,A3,1,13,A3_R1_S13.txt,118,46,72,8,-69,-65,-82,-100,-100,-100,-51,-64,-100,-67,-69,-27
A3_R1,A3,1,14,A3_R1_S14.txt,121,53,68,8,-72,-60,-79,-100,-100,-100,-47,-68,-58,-66,-69,-100
A3_R1,A3,1,15,A3_R1_S15.txt,126,51,75,9,-72,-63,-79,-100,-100,-100,-49,-61,-58,-66,-69,-26
A3_R2,A3,2,1,A3_R2_S1.txt,171,60,111,8,-71,-71,-100,-100,-100,-100,-51,-57,-62,-68,-72,-38
A3_R2,A3,2,2,A3_R2_S2.txt,138,47,91,9,-66,-63,-79,-100,-100,-100,-49,-60,-62,-64,-73,-37
A3_R2,A3,2,3,A3_R2_S3.txt,179,65,114,9,-66,-61,-79,-100,-100,-100,-50,-60,-59,-63,-73,-23
A3_R2,A3,2,4,A3_R2_S4.txt,146,65,81,9,-74,-64,-80,-100,-100,-100,-52,-61,-59,-63,-75,-24
A3_R2,A3,2,5,A3_R2_S5.txt,143,56,87,9,-74,-63,-80,-100,-100,-100,-52,-62,-58,-63,-75,-25
A3_R2,A3,2,6,A3_R2_S6.txt,140,59,81,8,-74,-62,-100,-100,-100,-100,-47,-55,-58,-61,-65,-26
A3_R2,A3,2,7,A3_R2_S7.txt,130,54,76,8,-74,-62,-100,-100,-100,-100,-49,-66,-61,-61,-65,-26
A3_R2,A3,2,8,A3_R2_S8.txt,163,64,99,9,-66,-62,-79,-100,-100,-100,-49,-60,-62,-63,-66,-24
A3_R2,A3,2,9,A3_R2_S9.txt,151,59,92,9,-66,-62,-79,-100,-100,-100,-49,-62,-62,-60,-72,-24
A3_R2,A3,2,10,A3_R2_S10.txt,143,55,88,9,-66,-62,-75,-100,-100,-100,-49,-59,-62,-60,-72,-26
A3_R2,A3,2,11,A3_R2_S11.txt,139,57,82,9,-66,-62,-75,-100,-100,-100,-47,-58,-62,-67,-72,-24
A3_R2,A3,2,12,A3_R2_S12.txt,140,54,86,9,-66,-67,-75,-100,-100,-100,-47,-64,-62,-71,-72,-23
A3_R2,A3,2,13,A3_R2_S13.txt,128,47,81,7,-100,-61,-100,-100,-100,-100,-51,-63,-62,-68,-78,-25
A3_R2,A3,2,14,A3_R2_S14.txt,138,50,88,8,-100,-66,-78,-100,-100,-100,-51,-58,-62,-65,-75,-26
A3_R2,A3,2,15,A3_R2_S15.txt,167,62,105,9,-64,-62,-78,-100,-100,-100,-51,-58,-60,-63,-74,-26
A3_R3,A3,3,1,A3_R3_S1.txt,62,10,52,2,-100,-100,-100,-100,-100,-100,-57,-67,-100,-100,-100,-100
A3_R3,A3,3,2,A3_R3_S2.txt,84,31,53,6,-100,-70,-100,-100,-100,-100,-57,-59,-100,-73,-79,-33
A3_R3,A3,3,3,A3_R3_S3.txt,114,41,73,7,-100,-63,-85,-100,-100,-100,-53,-56,-100,-66,-68,-32
A3_R3,A3,3,4,A3_R3_S4.txt,120,49,71,8,-100,-60,-79,-100,-100,-100,-50,-59,-64,-66,-68,-30
A3_R3,A3,3,5,A3_R3_S5.txt,97,40,57,6,-100,-60,-100,-100,-100,-100,-52,-57,-64,-66,-100,-30
A3_R3,A3,3,6,A3_R3_S6.txt,147,56,91,9,-69,-62,-83,-100,-100,-100,-53,-58,-62,-64,-68,-34
A3_R3,A3,3,7,A3_R3_S7.txt,133,51,82,8,-68,-64,-83,-100,-100,-100,-73,-58,-100,-64,-65,-32
A3_R3,A3,3,8,A3_R3_S8.txt,111,58,53,9,-70,-63,-80,-100,-100,-100,-50,-57,-60,-69,-62,-31
A3_R3,A3,3,9,A3_R3_S9.txt,126,45,81,7,-100,-61,-78,-100,-100,-100,-53,-57,-59,-66,-65,-100
A3_R3,A3,3,10,A3_R3_S10.txt,112,40,72,7,-100,-63,-100,-100,-100,-100,-53,-58,-65,-67,-73,-30
A3_R3,A3,3,11,A3_R3_S11.txt,138,60,78,8,-74,-62,-100,-100,-100,-100,-53,-60,-60,-69,-66,-30
A3_R3,A3,3,12,A3_R3_S12.txt,111,57,54,9,-68,-61,-83,-100,-100,-100,-54,-59,-63,-68,-71,-31
A3_R3,A3,3,13,A3_R3_S13.txt,134,55,79,9,-69,-61,-85,-100,-100,-100,-54,-59,-63,-66,-68,-29
A3_R3,A3,3,14,A3_R3_S14.txt,113,52,61,8,-69,-61,-78,-100,-100,-100,-55,-60,-63,-70,-100,-28
A3_R3,A3,3,15,A3_R3_S15.txt,128,62,66,9,-70,-64,-82,-100,-100,-100,-53,-58,-60,-68,-66,-30
A4_R1,A4,1,1,A4_R1_S1.txt,113,38,75,6,-100,-65,-100,-100,-100,-100,-51,-66,-100,-71,-62,-28
A4_R1,A4,1,2,A4_R1_S2.txt,83,35,48,7,-69,-63,-100,-100,-100,-100,-73,-42,-100,-68,-77,-51
A4_R1,A4,1,3,A4_R1_S3.txt,83,34,49,6,-74,-64,-100,-100,-100,-100,-73,-43,-100,-69,-77,-100
A4_R1,A4,1,4,A4_R1_S4.txt,102,44,58,8,-74,-63,-100,-100,-100,-100,-31,-42,-66,-69,-71,-52
A4_R1,A4,1,5,A4_R1_S5.txt,109,41,68,8,-75,-63,-100,-100,-100,-100,-31,-43,-67,-69,-71,-52
A4_R1,A4,1,6,A4_R1_S6.txt,112,43,69,9,-75,-62,-84,-100,-100,-100,-28,-43,-66,-70,-80,-52
A4_R1,A4,1,7,A4_R1_S7.txt,97,39,58,8,-100,-66,-84,-100,-100,-100,-28,-44,-66,-68,-80,-52
A4_R1,A4,1,8,A4_R1_S8.txt,111,42,69,8,-100,-60,-84,-100,-100,-100,-31,-45,-66,-71,-69,-51
A4_R1,A4,1,9,A4_R1_S9.txt,129,52,77,9,-75,-59,-84,-100,-100,-100,-32,-44,-66,-71,-69,-51
A4_R1,A4,1,10,A4_R1_S10.txt,124,46,78,8,-75,-64,-100,-100,-100,-100,-32,-44,-71,-71,-70,-51
A4_R1,A4,1,11,A4_R1_S11.txt,108,36,72,8,-75,-61,-100,-100,-100,-100,-32,-42,-71,-72,-70,-51
A4_R1,A4,1,12,A4_R1_S12.txt,115,38,77,8,-75,-61,-100,-100,-100,-100,-32,-43,-71,-71,-70,-51
A4_R1,A4,1,13,A4_R1_S13.txt,91,33,58,7,-71,-61,-100,-100,-100,-100,-73,-45,-100,-72,-76,-60
A4_R1,A4,1,14,A4_R1_S14.txt,88,39,49,6,-71,-61,-100,-100,-100,-100,-70,-45,-70,-74,-100,-100
A4_R1,A4,1,15,A4_R1_S15.txt,103,39,64,7,-100,-61,-100,-100,-100,-100,-32,-44,-70,-73,-71,-51
A4_R2,A4,2,1,A4_R2_S1.txt,129,48,81,9,-73,-63,-79,-100,-100,-100,-34,-45,-64,-68,-74,-51
A4_R2,A4,2,2,A4_R2_S2.txt,116,41,75,8,-67,-64,-83,-100,-100,-100,-27,-35,-100,-71,-83,-47
A4_R2,A4,2,3,A4_R2_S3.txt,120,42,78,9,-71,-65,-84,-100,-100,-100,-28,-41,-73,-75,-75,-48
A4_R2,A4,2,4,A4_R2_S4.txt,126,44,82,9,-70,-65,-84,-100,-100,-100,-27,-41,-72,-75,-75,-48
A4_R2,A4,2,5,A4_R2_S5.txt,142,50,92,8,-70,-67,-100,-100,-100,-100,-27,-38,-69,-76,-81,-48
A4_R2,A4,2,6,A4_R2_S6.txt,127,52,75,7,-65,-63,-100,-100,-100,-100,-29,-40,-66,-75,-100,-47
A4_R2,A4,2,7,A4_R2_S7.txt,126,49,77,7,-65,-63,-100,-100,-100,-100,-26,-37,-65,-74,-100,-48
A4_R2,A4,2,8,A4_R2_S8.txt,146,54,92,8,-67,-64,-100,-100,-100,-100,-24,-38,-65,-74,-75,-48
A4_R2,A4,2,9,A4_R2_S9.txt,135,48,87,8,-67,-64,-100,-100,-100,-100,-24,-39,-67,-74,-75,-52
A4_R2,A4,2,10,A4_R2_S10.txt,137,52,85,8,-100,-63,-87,-100,-100,-100,-27,-39,-66,-73,-71,-50
A4_R2,A4,2,11,A4_R2_S11.txt,124,52,72,8,-100,-63,-87,-100,-100,-100,-26,-38,-65,-72,-71,-50
A4_R2,A4,2,12,A4_R2_S12.txt,134,54,80,8,-66,-63,-100,-100,-100,-100,-27,-38,-65,-77,-77,-50
A4_R2,A4,2,13,A4_R2_S13.txt,136,51,85,8,-67,-64,-100,-100,-100,-100,-27,-41,-65,-73,-70,-47
A4_R2,A4,2,14,A4_R2_S14.txt,133,45,88,8,-67,-65,-100,-100,-100,-100,-25,-36,-65,-73,-70,-47
A4_R2,A4,2,15,A4_R2_S15.txt,138,48,90,8,-68,-64,-100,-100,-100,-100,-27,-41,-71,-73,-76,-48
A4_R3,A4,3,1,A4_R3_S1.txt,102,39,63,7,-100,-68,-100,-100,-100,-100,-51,-57,-78,-66,-76,-50
A4_R3,A4,3,2,A4_R3_S2.txt,103,41,62,7,-70,-71,-100,-100,-100,-100,-25,-38,-100,-74,-75,-51
A4_R3,A4,3,3,A4_R3_S3.txt,100,50,50,7,-70,-74,-100,-100,-100,-100,-26,-40,-66,-71,-100,-53
A4_R3,A4,3,4,A4_R3_S4.txt,100,50,50,8,-70,-74,-100,-100,-100,-100,-27,-40,-67,-70,-72,-53
A4_R3,A4,3,5,A4_R3_S5.txt,111,41,70,7,-100,-68,-86,-100,-100,-100,-32,-38,-100,-70,-73,-51
A4_R3,A4,3,6,A4_R3_S6.txt,112,43,69,7,-100,-69,-86,-100,-100,-100,-30,-38,-100,-71,-74,-54
A4_R3,A4,3,7,A4_R3_S7.txt,111,42,69,7,-100,-69,-100,-100,-100,-100,-29,-39,-68,-72,-73,-51
A4_R3,A4,3,8,A4_R3_S8.txt,105,39,66,7,-100,-66,-100,-100,-100,-100,-75,-41,-64,-68,-74,-51
A4_R3,A4,3,9,A4_R3_S9.txt,95,48,47,9,-68,-68,-88,-100,-100,-100,-75,-38,-60,-68,-72,-53
A4_R3,A4,3,10,A4_R3_S10.txt,98,49,49,9,-66,-69,-87,-100,-100,-100,-75,-37,-63,-70,-72,-54
A4_R3,A4,3,11,A4_R3_S11.txt,92,41,51,6,-67,-71,-100,-100,-100,-100,-72,-39,-100,-72,-100,-55
A4_R3,A4,3,12,A4_R3_S12.txt,98,50,48,8,-66,-70,-100,-100,-100,-100,-30,-39,-63,-70,-74,-51
A4_R3,A4,3,13,A4_R3_S13.txt,79,46,33,8,-67,-69,-100,-100,-100,-100,-75,-40,-68,-72,-72,-55
A4_R3,A4,3,14,A4_R3_S14.txt,102,41,61,6,-100,-68,-100,-100,-100,-100,-31,-40,-67,-73,-100,-54
A4_R3,A4,3,15,A4_R3_S15.txt,106,37,69,7,-100,-68,-88,-100,-100,-100,-30,-38,-100,-71,-72,-53
A5_R1,A5,1,1,A5_R1_S1.txt,48,17,31,3,-100,-100,-100,-100,-100,-100,-60,-69,-100,-100,-100,-68
A5_R1,A5,1,2,A5_R1_S2.txt,50,18,32,3,-100,-100,-100,-100,-100,-100,-59,-76,-100,-100,-100,-74
A5_R1,A5,1,3,A5_R1_S3.txt,43,14,29,3,-100,-100,-100,-100,-100,-100,-58,-79,-100,-100,-100,-77
A5_R1,A5,1,4,A5_R1_S4.txt,46,15,31,3,-100,-100,-100,-100,-100,-100,-58,-77,-100,-100,-100,-77
A5_R1,A5,1,5,A5_R1_S5.txt,28,8,20,3,-100,-100,-100,-100,-100,-100,-60,-76,-100,-100,-100,-78
A5_R1,A5,1,6,A5_R1_S6.txt,34,11,23,3,-100,-100,-100,-100,-100,-100,-57,-77,-100,-100,-100,-76
A5_R1,A5,1,7,A5_R1_S7.txt,28,11,17,3,-100,-100,-100,-100,-100,-100,-57,-77,-100,-100,-100,-76
A5_R1,A5,1,8,A5_R1_S8.txt,24,7,17,2,-100,-100,-100,-100,-100,-100,-60,-75,-100,-100,-100,-100
A5_R1,A5,1,9,A5_R1_S9.txt,36,16,20,3,-100,-100,-100,-100,-100,-100,-60,-73,-100,-100,-100,-75
A5_R1,A5,1,10,A5_R1_S10.txt,34,16,18,3,-100,-100,-100,-100,-100,-100,-60,-73,-100,-100,-100,-75
A5_R1,A5,1,11,A5_R1_S11.txt,32,10,22,3,-100,-100,-100,-100,-100,-100,-60,-76,-100,-100,-100,-77
A5_R1,A5,1,12,A5_R1_S12.txt,37,15,22,3,-100,-100,-100,-100,-100,-100,-60,-74,-100,-100,-100,-77
A5_R1,A5,1,13,A5_R1_S13.txt,39,15,24,3,-100,-100,-100,-100,-100,-100,-60,-74,-100,-100,-100,-77
A5_R1,A5,1,14,A5_R1_S14.txt,39,15,24,3,-100,-100,-100,-100,-100,-100,-61,-74,-100,-100,-100,-78
A5_R1,A5,1,15,A5_R1_S15.txt,33,15,18,3,-100,-100,-100,-100,-100,-100,-60,-75,-100,-100,-100,-79
A5_R2,A5,2,1,A5_R2_S1.txt,50,16,34,3,-100,-100,-100,-100,-100,-100,-64,-76,-100,-100,-100,-76
A5_R2,A5,2,2,A5_R2_S2.txt,42,17,25,3,-100,-100,-100,-100,-100,-100,-66,-77,-100,-100,-100,-73
A5_R2,A5,2,3,A5_R2_S3.txt,33,12,21,3,-100,-100,-100,-100,-100,-100,-64,-76,-100,-100,-100,-77
A5_R2,A5,2,4,A5_R2_S4.txt,38,12,26,3,-100,-100,-100,-100,-100,-100,-69,-78,-100,-100,-100,-77
A5_R2,A5,2,5,A5_R2_S5.txt,54,16,38,3,-100,-100,-100,-100,-100,-100,-69,-78,-100,-100,-100,-75
A5_R2,A5,2,6,A5_R2_S6.txt,52,16,36,3,-100,-100,-100,-100,-100,-100,-66,-77,-100,-100,-100,-75
A5_R2,A5,2,7,A5_R2_S7.txt,45,16,29,3,-100,-100,-100,-100,-100,-100,-66,-77,-100,-100,-100,-76
A5_R2,A5,2,8,A5_R2_S8.txt,42,16,26,3,-100,-100,-100,-100,-100,-100,-66,-79,-100,-100,-100,-76
A5_R2,A5,2,9,A5_R2_S9.txt,41,18,23,3,-100,-100,-100,-100,-100,-100,-68,-73,-100,-100,-100,-75
A5_R2,A5,2,10,A5_R2_S10.txt,43,18,25,3,-100,-100,-100,-100,-100,-100,-59,-70,-100,-100,-100,-76
A5_R2,A5,2,11,A5_R2_S11.txt,50,16,34,3,-100,-100,-100,-100,-100,-100,-59,-76,-100,-100,-100,-74
A5_R2,A5,2,12,A5_R2_S12.txt,44,13,31,3,-100,-100,-100,-100,-100,-100,-61,-73,-100,-100,-100,-72
A5_R2,A5,2,13,A5_R2_S13.txt,42,15,27,3,-100,-100,-100,-100,-100,-100,-62,-75,-100,-100,-100,-80
A5_R2,A5,2,14,A5_R2_S14.txt,42,15,27,3,-100,-100,-100,-100,-100,-100,-62,-75,-100,-100,-100,-80
A5_R2,A5,2,15,A5_R2_S15.txt,46,15,31,3,-100,-100,-100,-100,-100,-100,-61,-76,-100,-100,-100,-80
A5_R3,A5,3,1,A5_R3_S1.txt,40,18,22,3,-100,-100,-100,-100,-100,-100,-71,-74,-100,-100,-100,-64
A5_R3,A5,3,2,A5_R3_S2.txt,33,11,22,3,-100,-100,-100,-100,-100,-100,-68,-78,-100,-100,-100,-74
A5_R3,A5,3,3,A5_R3_S3.txt,36,18,18,3,-100,-100,-100,-100,-100,-100,-63,-77,-100,-100,-100,-76
A5_R3,A5,3,4,A5_R3_S4.txt,32,12,20,3,-100,-100,-100,-100,-100,-100,-64,-79,-100,-100,-100,-77
A5_R3,A5,3,5,A5_R3_S5.txt,31,12,19,3,-100,-100,-100,-100,-100,-100,-63,-80,-100,-100,-100,-77
A5_R3,A5,3,6,A5_R3_S6.txt,27,12,15,2,-100,-100,-100,-100,-100,-100,-100,-79,-100,-100,-100,-77
A5_R3,A5,3,7,A5_R3_S7.txt,29,6,23,1,-100,-100,-100,-100,-100,-100,-100,-77,-100,-100,-100,-100
A5_R3,A5,3,8,A5_R3_S8.txt,37,11,26,2,-100,-100,-100,-100,-100,-100,-100,-75,-100,-100,-100,-74
A5_R3,A5,3,9,A5_R3_S9.txt,27,6,21,1,-100,-100,-100,-100,-100,-100,-100,-75,-100,-100,-100,-100
A5_R3,A5,3,10,A5_R3_S10.txt,32,12,20,2,-100,-100,-100,-100,-100,-100,-100,-77,-100,-100,-100,-74
A5_R3,A5,3,11,A5_R3_S11.txt,35,14,21,3,-100,-100,-100,-100,-100,-100,-61,-77,-100,-100,-100,-74
A5_R3,A5,3,12,A5_R3_S12.txt,24,12,12,3,-100,-100,-100,-100,-100,-100,-61,-77,-100,-100,-100,-75
A5_R3,A5,3,13,A5_R3_S13.txt,24,10,14,3,-100,-100,-100,-100,-100,-100,-63,-75,-100,-100,-100,-76
A5_R3,A5,3,14,A5_R3_S14.txt,36,14,22,4,-100,-100,-100,-100,-100,-100,-63,-75,-91,-100,-100,-76
A5_R3,A5,3,15,A5_R3_S15.txt,34,13,21,3,-100,-100,-100,-100,-100,-100,-64,-77,-100,-100,-100,-75
A6_R1,A6,1,1,A6_R1_S1.txt,145,59,86,8,-68,-73,-100,-100,-100,-100,-55,-61,-64,-74,-79,-34
A6_R1,A6,1,2,A6_R1_S2.txt,49,10,39,3,-100,-100,-83,-100,-100,-100,-65,-73,-100,-100,-100,-100
A6_R1,A6,1,3,A6_R1_S3.txt,98,24,74,4,-100,-100,-100,-100,-100,-100,-55,-69,-80,-100,-100,-52
A6_R1,A6,1,4,A6_R1_S4.txt,77,17,60,4,-100,-100,-100,-100,-100,-100,-55,-62,-78,-100,-100,-52
A6_R1,A6,1,5,A6_R1_S5.txt,86,21,65,4,-100,-100,-100,-100,-100,-100,-56,-64,-79,-100,-100,-52
A6_R1,A6,1,6,A6_R1_S6.txt,85,22,63,4,-100,-100,-100,-100,-100,-100,-57,-69,-79,-100,-100,-52
A6_R1,A6,1,7,A6_R1_S7.txt,76,20,56,4,-100,-100,-100,-100,-100,-100,-53,-66,-78,-100,-100,-51
A6_R1,A6,1,8,A6_R1_S8.txt,78,18,60,4,-100,-100,-100,-100,-100,-100,-53,-63,-78,-100,-100,-51
A6_R1,A6,1,9,A6_R1_S9.txt,86,15,71,4,-100,-100,-100,-100,-100,-100,-55,-68,-78,-100,-100,-52
A6_R1,A6,1,10,A6_R1_S10.txt,86,20,66,4,-100,-100,-100,-100,-100,-100,-54,-68,-78,-100,-100,-53
A6_R1,A6,1,11,A6_R1_S11.txt,75,20,55,4,-100,-100,-100,-100,-100,-100,-54,-72,-86,-100,-100,-52
A6_R1,A6,1,12,A6_R1_S12.txt,74,20,54,4,-100,-100,-100,-100,-100,-100,-54,-72,-86,-100,-100,-52
A6_R1,A6,1,13,A6_R1_S13.txt,81,21,60,4,-100,-100,-100,-100,-100,-100,-54,-67,-80,-100,-100,-52
A6_R1,A6,1,14,A6_R1_S14.txt,93,20,73,4,-100,-100,-100,-100,-100,-100,-54,-68,-81,-100,-100,-51
A6_R1,A6,1,15,A6_R1_S15.txt,100,24,76,5,-100,-100,-84,-100,-100,-100,-55,-66,-81,-100,-100,-52
A6_R2,A6,2,1,A6_R2_S1.txt,109,34,75,8,-69,-77,-86,-100,-100,-100,-45,-60,-100,-73,-77,-43
A6_R2,A6,2,2,A6_R2_S2.txt,75,27,48,5,-100,-100,-85,-100,-100,-100,-55,-69,-76,-100,-100,-52
A6_R2,A6,2,3,A6_R2_S3.txt,85,17,68,3,-100,-100,-100,-100,-100,-100,-57,-67,-100,-100,-100,-49
A6_R2,A6,2,4,A6_R2_S4.txt,84,21,63,4,-100,-100,-100,-100,-100,-100,-56,-69,-77,-100,-100,-54
A6_R2,A6,2,5,A6_R2_S5.txt,60,15,45,3,-100,-100,-100,-100,-100,-100,-100,-68,-77,-100,-100,-52
A6_R2,A6,2,6,A6_R2_S6.txt,64,14,50,4,-100,-100,-85,-100,-100,-100,-60,-69,-100,-100,-100,-55
A6_R2,A6,2,7,A6_R2_S7.txt,53,18,35,4,-100,-100,-100,-100,-100,-100,-56,-64,-78,-100,-100,-55
A6_R2,A6,2,8,A6_R2_S8.txt,67,18,49,4,-100,-100,-100,-100,-100,-100,-57,-66,-77,-100,-100,-57
A6_R2,A6,2,9,A6_R2_S9.txt,75,22,53,4,-100,-100,-100,-100,-100,-100,-56,-68,-76,-100,-100,-52
A6_R2,A6,2,10,A6_R2_S10.txt,74,21,53,4,-100,-100,-100,-100,-100,-100,-57,-68,-77,-100,-100,-52
A6_R2,A6,2,11,A6_R2_S11.txt,59,9,50,2,-100,-100,-100,-100,-100,-100,-100,-64,-100,-100,-100,-52
A6_R2,A6,2,12,A6_R2_S12.txt,62,16,46,4,-100,-100,-100,-100,-100,-100,-55,-69,-80,-100,-100,-54
A6_R2,A6,2,13,A6_R2_S13.txt,72,19,53,4,-100,-100,-100,-100,-100,-100,-55,-68,-80,-100,-100,-53
A6_R2,A6,2,14,A6_R2_S14.txt,67,15,52,4,-100,-100,-84,-100,-100,-100,-57,-68,-78,-100,-100,-100
A6_R2,A6,2,15,A6_R2_S15.txt,57,16,41,4,-100,-100,-84,-100,-100,-100,-57,-67,-78,-100,-100,-100
A6_R3,A6,3,1,A6_R3_S1.txt,127,50,77,8,-69,-67,-82,-100,-100,-100,-27,-56,-80,-65,-70,-100
A6_R3,A6,3,2,A6_R3_S2.txt,53,12,41,3,-100,-100,-100,-100,-100,-100,-100,-67,-80,-100,-100,-52
A6_R3,A6,3,3,A6_R3_S3.txt,78,20,58,4,-100,-100,-100,-100,-100,-100,-60,-67,-81,-100,-100,-54
A6_R3,A6,3,4,A6_R3_S4.txt,47,11,36,2,-100,-100,-100,-100,-100,-100,-60,-66,-100,-100,-100,-100
A6_R3,A6,3,5,A6_R3_S5.txt,63,19,44,4,-100,-100,-100,-100,-100,-100,-62,-67,-82,-100,-100,-52
A6_R3,A6,3,6,A6_R3_S6.txt,50,16,34,3,-100,-100,-100,-100,-100,-100,-100,-66,-81,-100,-100,-53
A6_R3,A6,3,7,A6_R3_S7.txt,56,15,41,3,-100,-100,-100,-100,-100,-100,-61,-66,-81,-100,-100,-100
A6_R3,A6,3,8,A6_R3_S8.txt,54,22,32,4,-100,-100,-100,-100,-100,-100,-58,-68,-83,-100,-100,-53
A6_R3,A6,3,9,A6_R3_S9.txt,66,19,47,4,-100,-100,-100,-100,-100,-100,-61,-68,-82,-100,-100,-54
A6_R3,A6,3,10,A6_R3_S10.txt,69,11,58,2,-100,-100,-100,-100,-100,-100,-100,-67,-100,-100,-100,-53
A6_R3,A6,3,11,A6_R3_S11.txt,56,18,38,4,-100,-100,-100,-100,-100,-100,-62,-69,-84,-100,-100,-52
A6_R3,A6,3,12,A6_R3_S12.txt,60,18,42,4,-100,-100,-100,-100,-100,-100,-62,-75,-83,-100,-100,-55
A6_R3,A6,3,13,A6_R3_S13.txt,73,20,53,4,-100,-100,-100,-100,-100,-100,-59,-73,-83,-100,-100,-56
A6_R3,A6,3,14,A6_R3_S14.txt,53,18,35,4,-100,-100,-100,-100,-100,-100,-57,-63,-82,-100,-100,-52
A6_R3,A6,3,15,A6_R3_S15.txt,55,18,37,4,-100,-100,-100,-100,-100,-100,-57,-65,-81,-100,-100,-53
A7_R1,A7,1,1,A7_R1_S1.txt,160,52,108,9,-66,-67,-70,-100,-100,-100,-61,-71,-57,-63,-70,-33
A7_R1,A7,1,2,A7_R1_S2.txt,89,28,61,8,-84,-67,-56,-100,-100,-100,-62,-71,-69,-68,-100,-72
A7_R1,A7,1,3,A7_R1_S3.txt,78,18,60,5,-82,-100,-61,-100,-100,-100,-100,-100,-54,-68,-100,-72
A7_R1,A7,1,4,A7_R1_S4.txt,92,27,65,6,-82,-100,-57,-100,-100,-100,-80,-100,-54,-67,-100,-69
A7_R1,A7,1,5,A7_R1_S5.txt,85,24,61,5,-100,-100,-57,-100,-100,-100,-80,-100,-56,-70,-100,-69
A7_R1,A7,1,6,A7_R1_S6.txt,71,16,55,5,-100,-100,-57,-100,-100,-100,-83,-100,-53,-64,-100,-70
A7_R1,A7,1,7,A7_R1_S7.txt,78,20,58,5,-83,-100,-57,-100,-100,-100,-100,-100,-53,-69,-100,-70
A7_R1,A7,1,8,A7_R1_S8.txt,68,13,55,4,-83,-100,-100,-100,-100,-100,-100,-100,-55,-65,-100,-72
A7_R1,A7,1,9,A7_R1_S9.txt,93,32,61,5,-83,-100,-66,-100,-100,-100,-81,-100,-100,-71,-100,-69
A7_R1,A7,1,10,A7_R1_S10.txt,105,38,67,6,-82,-100,-66,-100,-100,-100,-81,-100,-54,-66,-100,-68
A7_R1,A7,1,11,A7_R1_S11.txt,98,34,64,6,-82,-100,-66,-100,-100,-100,-81,-100,-54,-61,-100,-68
A7_R1,A7,1,12,A7_R1_S12.txt,108,31,77,6,-81,-100,-62,-100,-100,-100,-83,-100,-54,-65,-100,-68
A7_R1,A7,1,13,A7_R1_S13.txt,107,27,80,5,-82,-100,-61,-100,-100,-100,-80,-100,-100,-66,-100,-68
A7_R1,A7,1,14,A7_R1_S14.txt,97,26,71,5,-82,-100,-61,-100,-100,-100,-80,-100,-100,-61,-100,-67
A7_R1,A7,1,15,A7_R1_S15.txt,98,25,73,6,-80,-100,-61,-100,-100,-100,-80,-100,-54,-65,-100,-68
A7_R2,A7,2,1,A7_R2_S1.txt,96,27,69,6,-78,-100,-64,-100,-100,-100,-83,-100,-54,-64,-100,-78
A7_R2,A7,2,2,A7_R2_S2.txt,89,24,65,5,-100,-100,-57,-100,-100,-100,-85,-100,-57,-67,-100,-67
A7_R2,A7,2,3,A7_R2_S3.txt,69,15,54,4,-79,-100,-100,-100,-100,-100,-85,-100,-100,-64,-100,-70
A7_R2,A7,2,4,A7_R2_S4.txt,72,15,57,3,-100,-100,-100,-100,-100,-100,-83,-100,-100,-68,-100,-71
A7_R2,A7,2,5,A7_R2_S5.txt,86,27,59,6,-80,-100,-64,-100,-100,-100,-78,-100,-58,-70,-100,-69
A7_R2,A7,2,6,A7_R2_S6.txt,92,34,58,6,-82,-100,-64,-100,-100,-100,-78,-100,-54,-65,-100,-70
A7_R2,A7,2,7,A7_R2_S7.txt,86,30,56,6,-79,-100,-58,-100,-100,-100,-81,-100,-53,-67,-100,-68
A7_R2,A7,2,8,A7_R2_S8.txt,69,24,45,5,-80,-100,-100,-100,-100,-100,-81,-100,-57,-72,-100,-69
A7_R2,A7,2,9,A7_R2_S9.txt,86,27,59,6,-80,-100,-64,-100,-100,-100,-81,-100,-58,-66,-100,-68
A7_R2,A7,2,10,A7_R2_S10.txt,82,28,54,5,-79,-100,-58,-100,-100,-100,-83,-100,-53,-65,-100,-100
A7_R2,A7,2,11,A7_R2_S11.txt,84,25,59,5,-100,-100,-60,-100,-100,-100,-83,-100,-57,-67,-100,-67
A7_R2,A7,2,12,A7_R2_S12.txt,79,22,57,4,-100,-100,-60,-100,-100,-100,-82,-100,-100,-64,-100,-66
A7_R2,A7,2,13,A7_R2_S13.txt,84,34,50,6,-81,-100,-64,-100,-100,-100,-82,-100,-56,-68,-100,-71
A7_R2,A7,2,14,A7_R2_S14.txt,81,28,53,6,-82,-100,-64,-100,-100,-100,-83,-100,-56,-67,-100,-71
A7_R2,A7,2,15,A7_R2_S15.txt,84,33,51,6,-82,-100,-63,-100,-100,-100,-82,-100,-55,-66,-100,-68
A7_R3,A7,3,1,A7_R3_S1.txt,148,52,96,9,-67,-63,-72,-100,-100,-100,-59,-62,-67,-62,-70,-45
A7_R3,A7,3,2,A7_R3_S2.txt,73,24,49,5,-83,-100,-63,-100,-100,-100,-87,-100,-56,-68,-100,-100
A7_R3,A7,3,3,A7_R3_S3.txt,65,17,48,3,-100,-100,-58,-100,-100,-100,-80,-100,-100,-68,-100,-100
A7_R3,A7,3,4,A7_R3_S4.txt,58,12,46,3,-100,-100,-100,-100,-100,-100,-81,-100,-100,-68,-100,-71
A7_R3,A7,3,5,A7_R3_S5.txt,53,14,39,4,-100,-100,-100,-100,-100,-100,-83,-100,-64,-67,-100,-72
A7_R3,A7,3,6,A7_R3_S6.txt,63,19,44,5,-81,-100,-100,-100,-100,-100,-80,-100,-61,-69,-100,-72
A7_R3,A7,3,7,A7_R3_S7.txt,82,22,60,5,-85,-100,-60,-100,-100,-100,-86,-100,-58,-71,-100,-100
A7_R3,A7,3,8,A7_R3_S8.txt,93,29,64,6,-85,-100,-60,-100,-100,-100,-85,-100,-60,-66,-100,-66
A7_R3,A7,3,9,A7_R3_S9.txt,67,13,54,3,-100,-100,-64,-100,-100,-100,-100,-100,-100,-72,-100,-65
A7_R3,A7,3,10,A7_R3_S10.txt,73,20,53,4,-100,-100,-61,-100,-100,-100,-79,-100,-54,-69,-100,-100
A7_R3,A7,3,11,A7_R3_S11.txt,69,22,47,4,-100,-100,-61,-100,-100,-100,-80,-100,-100,-70,-100,-72
A7_R3,A7,3,12,A7_R3_S12.txt,71,22,49,4,-100,-100,-100,-100,-100,-100,-83,-100,-59,-70,-100,-71
A7_R3,A7,3,13,A7_R3_S13.txt,76,22,54,4,-100,-100,-100,-100,-100,-100,-83,-100,-59,-71,-100,-71
A7_R3,A7,3,14,A7_R3_S14.txt,108,31,77,5,-100,-100,-62,-100,-100,-100,-78,-100,-56,-69,-100,-71
A7_R3,A7,3,15,A7_R3_S15.txt,78,27,51,6,-80,-100,-60,-100,-100,-100,-87,-100,-57,-62,-100,-71
B1_R1,B1,1,1,B1_R1_S1.txt,112,45,67,10,-100,-59,-80,-79,-74,-72,-77,-46,-100,-72,-48,-65
B1_R1,B1,1,2,B1_R1_S2.txt,101,39,62,7,-56,-61,-80,-100,-100,-72,-36,-42,-100,-68,-100,-100
B1_R1,B1,1,3,B1_R1_S3.txt,122,49,73,10,-56,-59,-80,-85,-100,-72,-36,-42,-100,-71,-53,-72
B1_R1,B1,1,4,B1_R1_S4.txt,117,44,73,9,-100,-57,-100,-85,-100,-77,-38,-42,-67,-75,-53,-72
B1_R1,B1,1,5,B1_R1_S5.txt,120,44,76,9,-60,-58,-100,-85,-100,-78,-37,-43,-67,-74,-64,-100
B1_R1,B1,1,6,B1_R1_S6.txt,108,41,67,8,-60,-57,-100,-85,-100,-78,-37,-41,-69,-72,-100,-100
B1_R1,B1,1,7,B1_R1_S7.txt,89,38,51,7,-100,-58,-100,-100,-65,-76,-36,-41,-68,-74,-100,-100
B1_R1,B1,1,8,B1_R1_S8.txt,114,48,66,8,-53,-60,-100,-100,-65,-76,-38,-42,-67,-75,-100,-100
B1_R1,B1,1,9,B1_R1_S9.txt,123,51,72,8,-53,-59,-100,-100,-100,-76,-40,-43,-100,-72,-49,-74
B1_R1,B1,1,10,B1_R1_S10.txt,109,43,66,8,-100,-58,-100,-100,-100,-76,-74,-43,-69,-70,-49,-74
B1_R1,B1,1,11,B1_R1_S11.txt,116,44,72,8,-53,-58,-100,-100,-100,-77,-36,-42,-69,-74,-58,-100
B1_R1,B1,1,12,B1_R1_S12.txt,126,46,80,8,-53,-60,-100,-100,-100,-75,-35,-41,-67,-71,-56,-100
B1_R1,B1,1,13,B1_R1_S13.txt,114,43,71,7,-100,-59,-100,-100,-100,-75,-35,-41,-67,-68,-54,-100
B1_R1,B1,1,14,B1_R1_S14.txt,106,41,65,7,-100,-59,-100,-100,-100,-75,-73,-41,-67,-68,-54,-100
B1_R1,B1,1,15,B1_R1_S15.txt,110,42,68,8,-55,-58,-100,-100,-100,-76,-38,-41,-67,-76,-58,-100
B1_R2,B1,2,1,B1_R2_S1.txt,160,74,86,12,-39,-64,-81,-66,-68,-72,-41,-53,-61,-67,-51,-63
B1_R2,B1,2,2,B1_R2_S2.txt,120,54,66,9,-55,-58,-100,-100,-68,-74,-36,-41,-60,-73,-100,-67
B1_R2,B1,2,3,B1_R2_S3.txt,130,49,81,9,-53,-57,-100,-100,-100,-75,-39,-43,-62,-74,-53,-68
B1_R2,B1,2,4,B1_R2_S4.txt,133,51,82,9,-53,-58,-100,-100,-100,-75,-39,-43,-61,-74,-53,-68
B1_R2,B1,2,5,B1_R2_S5.txt,148,54,94,11,-53,-57,-100,-82,-66,-79,-36,-43,-69,-70,-56,-67
B1_R2,B1,2,6,B1_R2_S6.txt,137,49,88,10,-53,-56,-100,-82,-66,-77,-34,-41,-69,-70,-56,-100
B1_R2,B1,2,7,B1_R2_S7.txt,122,46,76,10,-53,-57,-86,-82,-65,-77,-34,-39,-67,-68,-100,-100
B1_R2,B1,2,8,B1_R2_S8.txt,153,65,88,12,-54,-58,-86,-83,-65,-76,-35,-40,-60,-69,-53,-68
B1_R2,B1,2,9,B1_R2_S9.txt,160,70,90,11,-54,-57,-100,-85,-65,-76,-35,-42,-60,-70,-51,-70
B1_R2,B1,2,10,B1_R2_S10.txt,137,62,75,12,-54,-64,-82,-85,-65,-77,-35,-48,-64,-73,-51,-70
B1_R2,B1,2,11,B1_R2_S11.txt,152,68,84,12,-54,-62,-82,-85,-65,-74,-35,-44,-63,-73,-51,-70
B1_R2,B1,2,12,B1_R2_S12.txt,123,50,73,11,-54,-61,-82,-100,-65,-74,-35,-41,-63,-73,-53,-68
B1_R2,B1,2,13,B1_R2_S13.txt,144,60,84,10,-54,-57,-100,-100,-66,-74,-33,-44,-63,-68,-52,-68
B1_R2,B1,2,14,B1_R2_S14.txt,133,64,69,11,-55,-59,-100,-82,-66,-77,-35,-42,-62,-69,-52,-68
B1_R2,B1,2,15,B1_R2_S15.txt,131,63,68,11,-55,-59,-100,-82,-66,-77,-35,-42,-62,-69,-52,-68
B1_R3,B1,3,1,B1_R3_S1.txt,129,62,67,10,-55,-60,-100,-80,-66,-100,-71,-41,-63,-72,-52,-66
B1_R3,B1,3,2,B1_R3_S2.txt,134,70,64,12,-53,-55,-87,-85,-64,-73,-38,-42,-62,-70,-48,-66
B1_R3,B1,3,3,B1_R3_S3.txt,102,35,67,7,-100,-60,-100,-100,-100,-80,-36,-40,-100,-67,-52,-69
B1_R3,B1,3,4,B1_R3_S4.txt,106,38,68,8,-100,-61,-86,-100,-100,-76,-36,-41,-100,-67,-56,-69
B1_R3,B1,3,5,B1_R3_S5.txt,101,38,63,8,-100,-60,-100,-78,-100,-76,-68,-41,-60,-70,-50,-100
B1_R3,B1,3,6,B1_R3_S6.txt,114,46,68,8,-100,-58,-86,-83,-100,-74,-100,-43,-62,-70,-49,-100
B1_R3,B1,3,7,B1_R3_S7.txt,119,59,60,10,-55,-59,-86,-100,-100,-74,-38,-40,-60,-69,-47,-70
B1_R3,B1,3,8,B1_R3_S8.txt,114,58,56,10,-55,-58,-85,-100,-100,-74,-37,-41,-60,-70,-47,-70
B1_R3,B1,3,9,B1_R3_S9.txt,139,66,73,11,-57,-59,-86,-100,-66,-77,-39,-42,-61,-73,-49,-69
B1_R3,B1,3,10,B1_R3_S10.txt,161,71,90,12,-59,-58,-86,-78,-65,-77,-39,-41,-62,-71,-49,-69
B1_R3,B1,3,11,B1_R3_S11.txt,138,65,73,10,-57,-57,-100,-77,-62,-74,-41,-40,-60,-70,-100,-69
B1_R3,B1,3,12,B1_R3_S12.txt,118,50,68,9,-56,-57,-100,-79,-100,-77,-39,-41,-63,-72,-49,-100
B1_R3,B1,3,13,B1_R3_S13.txt,114,43,71,7,-100,-56,-100,-79,-100,-77,-72,-39,-100,-70,-51,-100
B1_R3,B1,3,14,B1_R3_S14.txt,104,43,61,8,-100,-56,-100,-84,-100,-78,-38,-40,-60,-70,-52,-100
B1_R3,B1,3,15,B1_R3_S15.txt,122,54,68,10,-57,-57,-86,-100,-71,-74,-38,-44,-100,-70,-50,-69
B2_R1,B2,1,1,B2_R1_S1.txt,109,35,74,8,-55,-65,-100,-100,-100,-73,-38,-68,-100,-75,-39,-80
B2_R1,B2,1,2,B2_R1_S2.txt,138,41,97,8,-58,-67,-100,-100,-100,-100,-58,-57,-65,-75,-35,-72
B2_R1,B2,1,3,B2_R1_S3.txt,123,39,84,9,-59,-68,-100,-100,-76,-100,-60,-58,-67,-77,-30,-72
B2_R1,B2,1,4,B2_R1_S4.txt,132,44,88,9,-59,-65,-100,-100,-76,-100,-60,-57,-67,-76,-33,-72
B2_R1,B2,1,5,B2_R1_S5.txt,103,33,70,6,-100,-65,-100,-100,-100,-100,-84,-58,-100,-75,-33,-74
B2_R1,B2,1,6,B2_R1_S6.txt,118,37,81,7,-100,-65,-100,-100,-100,-100,-57,-59,-67,-79,-33,-74
B2_R1,B2,1,7,B2_R1_S7.txt,96,25,71,4,-100,-69,-100,-100,-100,-100,-56,-59,-100,-79,-100,-100
B2_R1,B2,1,8,B2_R1_S8.txt,104,26,78,7,-66,-67,-100,-100,-80,-100,-62,-61,-73,-79,-100,-100
B2_R1,B2,1,9,B2_R1_S9.txt,104,26,78,7,-66,-67,-100,-100,-80,-100,-62,-61,-73,-79,-100,-100
B2_R1,B2,1,10,B2_R1_S10.txt,122,38,84,7,-64,-66,-100,-100,-80,-100,-55,-58,-70,-75,-100,-100
B2_R1,B2,1,11,B2_R1_S11.txt,103,41,62,9,-64,-66,-100,-100,-80,-100,-55,-55,-68,-75,-35,-75
B2_R1,B2,1,12,B2_R1_S12.txt,105,40,65,8,-64,-67,-100,-100,-100,-100,-56,-58,-68,-75,-31,-74
B2_R1,B2,1,13,B2_R1_S13.txt,120,41,79,8,-64,-67,-100,-100,-100,-100,-57,-60,-68,-75,-33,-74
B2_R1,B2,1,14,B2_R1_S14.txt,120,41,79,7,-60,-69,-100,-100,-77,-100,-56,-58,-100,-77,-33,-100
B2_R1,B2,1,15,B2_R1_S15.txt,112,43,69,8,-60,-65,-100,-100,-77,-100,-56,-56,-67,-76,-34,-100
B2_R2,B2,2,1,B2_R2_S1.txt,144,53,91,10,-66,-69,-100,-100,-68,-75,-37,-56,-69,-75,-43,-79
B2_R2,B2,2,2,B2_R2_S2.txt,134,39,95,10,-68,-66,-100,-86,-75,-100,-59,-69,-63,-75,-44,-68
B2_R2,B2,2,3,B2_R2_S3.txt,141,43,98,9,-60,-65,-100,-100,-73,-100,-71,-61,-59,-78,-26,-66
B2_R2,B2,2,4,B2_R2_S4.txt,151,45,106,9,-60,-67,-100,-100,-73,-100,-56,-61,-60,-78,-26,-66
B2_R2,B2,2,5,B2_R2_S5.txt,139,39,100,9,-56,-66,-100,-100,-81,-100,-58,-67,-62,-74,-30,-66
B2_R2,B2,2,6,B2_R2_S6.txt,139,39,100,9,-56,-66,-100,-100,-81,-100,-58,-67,-62,-74,-30,-66
B2_R2,B2,2,7,B2_R2_S7.txt,144,53,91,9,-53,-66,-100,-100,-81,-100,-56,-66,-62,-73,-29,-69
B2_R2,B2,2,8,B2_R2_S8.txt,167,59,108,9,-53,-65,-100,-100,-81,-100,-56,-62,-58,-77,-31,-68
B2_R2,B2,2,9,B2_R2_S9.txt,153,51,102,9,-54,-67,-100,-100,-81,-100,-56,-61,-58,-77,-31,-68
B2_R2,B2,2,10,B2_R2_S10.txt,120,36,84,8,-54,-65,-100,-100,-100,-100,-56,-68,-60,-72,-30,-67
B2_R2,B2,2,11,B2_R2_S11.txt,135,54,81,9,-57,-70,-84,-100,-75,-100,-54,-66,-60,-77,-100,-69
B2_R2,B2,2,12,B2_R2_S12.txt,138,59,79,10,-57,-69,-84,-100,-75,-100,-61,-68,-64,-77,-28,-68
B2_R2,B2,2,13,B2_R2_S13.txt,133,55,78,9,-57,-64,-100,-100,-75,-100,-61,-66,-62,-76,-30,-70
B2_R2,B2,2,14,B2_R2_S14.txt,129,48,81,8,-57,-67,-100,-100,-100,-100,-58,-61,-62,-73,-30,-72
B2_R2,B2,2,15,B2_R2_S15.txt,149,57,92,8,-57,-66,-100,-100,-100,-100,-55,-67,-62,-75,-28,-64
B2_R3,B2,3,1,B2_R3_S1.txt,139,41,98,7,-69,-74,-100,-100,-100,-100,-49,-61,-70,-79,-40,-100
B2_R3,B2,3,2,B2_R3_S2.txt,110,34,76,5,-100,-63,-100,-100,-100,-100,-58,-58,-100,-74,-30,-100
B2_R3,B2,3,3,B2_R3_S3.txt,125,50,75,8,-66,-64,-100,-100,-100,-100,-58,-63,-68,-74,-30,-67
B2_R3,B2,3,4,B2_R3_S4.txt,130,52,78,9,-65,-63,-100,-100,-75,-100,-60,-63,-66,-72,-31,-69
B2_R3,B2,3,5,B2_R3_S5.txt,116,42,74,8,-64,-61,-100,-100,-75,-100,-59,-64,-67,-72,-100,-69
B2_R3,B2,3,6,B2_R3_S6.txt,102,38,64,8,-70,-70,-100,-100,-73,-100,-62,-70,-74,-100,-28,-80
B2_R3,B2,3,7,B2_R3_S7.txt,92,35,57,7,-67,-71,-100,-100,-100,-100,-60,-66,-71,-100,-29,-80
B2_R3,B2,3,8,B2_R3_S8.txt,101,40,61,8,-68,-70,-100,-100,-73,-100,-60,-66,-71,-100,-29,-79
B2_R3,B2,3,9,B2_R3_S9.txt,115,44,71,8,-70,-70,-100,-100,-73,-100,-63,-65,-69,-100,-28,-78
B2_R3,B2,3,10,B2_R3_S10.txt,120,33,87,8,-68,-63,-100,-100,-73,-100,-76,-65,-73,-100,-31,-80
B2_R3,B2,3,11,B2_R3_S11.txt,144,50,94,9,-65,-63,-100,-100,-84,-100,-55,-66,-72,-72,-29,-80
B2_R3,B2,3,12,B2_R3_S12.txt,128,48,80,8,-63,-62,-100,-100,-74,-100,-77,-66,-69,-72,-31,-100
B2_R3,B2,3,13,B2_R3_S13.txt,126,44,82,7,-62,-62,-100,-100,-100,-100,-59,-67,-69,-73,-32,-100
B2_R3,B2,3,14,B2_R3_S14.txt,111,44,67,9,-62,-63,-100,-100,-72,-100,-79,-64,-67,-74,-30,-68
B2_R3,B2,3,15,B2_R3_S15.txt,118,40,78,9,-64,-62,-100,-100,-72,-100,-79,-63,-68,-74,-32,-68
B3_R1,B3,1,1,B3_R1_S1.txt,105,34,71,6,-100,-66,-100,-100,-100,-100,-62,-65,-70,-75,-44,-100
B3_R1,B3,1,2,B3_R1_S2.txt,115,37,78,7,-68,-61,-100,-100,-100,-100,-60,-65,-64,-76,-47,-100
B3_R1,B3,1,3,B3_R1_S3.txt,109,34,75,8,-68,-63,-100,-100,-100,-100,-65,-67,-72,-77,-47,-69
B3_R1,B3,1,4,B3_R1_S4.txt,121,37,84,8,-68,-62,-100,-100,-100,-100,-65,-66,-72,-76,-48,-69
B3_R1,B3,1,5,B3_R1_S5.txt,135,45,90,7,-73,-63,-100,-100,-100,-100,-63,-68,-65,-74,-49,-100
B3_R1,B3,1,6,B3_R1_S6.txt,145,46,99,7,-73,-64,-100,-100,-100,-100,-63,-66,-65,-73,-50,-100
B3_R1,B3,1,7,B3_R1_S7.txt,125,35,90,7,-63,-63,-100,-100,-100,-100,-63,-59,-73,-73,-48,-100
B3_R1,B3,1,8,B3_R1_S8.txt,108,32,76,7,-100,-60,-100,-100,-100,-100,-67,-58,-69,-75,-47,-73
B3_R1,B3,1,9,B3_R1_S9.txt,135,40,95,7,-100,-67,-100,-100,-100,-100,-61,-70,-67,-73,-51,-76
B3_R1,B3,1,10,B3_R1_S10.txt,137,44,93,7,-100,-65,-100,-100,-100,-100,-61,-66,-67,-71,-47,-70
B3_R1,B3,1,11,B3_R1_S11.txt,115,33,82,6,-100,-65,-100,-100,-100,-100,-74,-64,-67,-72,-46,-100
B3_R1,B3,1,12,B3_R1_S12.txt,131,41,90,7,-64,-67,-100,-100,-100,-100,-74,-64,-66,-72,-46,-100
B3_R1,B3,1,13,B3_R1_S13.txt,134,42,92,8,-64,-66,-100,-100,-100,-100,-64,-60,-67,-73,-47,-69
B3_R1,B3,1,14,B3_R1_S14.txt,118,36,82,8,-65,-63,-100,-100,-100,-100,-66,-61,-68,-75,-47,-74
B3_R1,B3,1,15,B3_R1_S15.txt,130,40,90,8,-65,-62,-100,-100,-100,-100,-66,-64,-68,-76,-47,-74
B3_R2,B3,2,1,B3_R2_S1.txt,174,54,120,10,-59,-66,-86,-86,-100,-100,-54,-72,-74,-74,-43,-65
B3_R2,B3,2,2,B3_R2_S2.txt,136,41,95,8,-68,-66,-100,-100,-100,-100,-63,-65,-71,-78,-47,-73
B3_R2,B3,2,3,B3_R2_S3.txt,145,48,97,9,-70,-65,-100,-100,-84,-100,-62,-61,-63,-68,-44,-66
B3_R2,B3,2,4,B3_R2_S4.txt,137,50,87,8,-63,-67,-100,-100,-100,-100,-65,-61,-65,-70,-47,-69
B3_R2,B3,2,5,B3_R2_S5.txt,139,36,103,8,-68,-66,-100,-100,-100,-100,-66,-69,-67,-74,-55,-72
B3_R2,B3,2,6,B3_R2_S6.txt,141,45,96,8,-69,-64,-100,-100,-100,-100,-66,-69,-67,-77,-50,-73
B3_R2,B3,2,7,B3_R2_S7.txt,142,41,101,8,-71,-74,-100,-100,-100,-100,-70,-68,-69,-80,-48,-77
B3_R2,B3,2,8,B3_R2_S8.txt,142,41,101,8,-71,-74,-100,-100,-100,-100,-70,-68,-69,-80,-48,-77
B3_R2,B3,2,9,B3_R2_S9.txt,138,38,100,7,-67,-65,-100,-100,-100,-100,-70,-65,-100,-78,-48,-73
B3_R2,B3,2,10,B3_R2_S10.txt,171,56,115,9,-67,-63,-100,-100,-81,-100,-63,-63,-65,-70,-42,-75
B3_R2,B3,2,11,B3_R2_S11.txt,164,49,115,8,-100,-63,-100,-100,-81,-100,-64,-63,-64,-69,-42,-77
B3_R2,B3,2,12,B3_R2_S12.txt,160,46,114,8,-100,-64,-100,-100,-84,-100,-64,-63,-62,-73,-42,-77
B3_R2,B3,2,13,B3_R2_S13.txt,130,39,91,6,-100,-64,-100,-100,-100,-100,-64,-63,-62,-73,-100,-76
B3_R2,B3,2,14,B3_R2_S14.txt,126,40,86,8,-100,-63,-100,-100,-82,-100,-64,-67,-65,-75,-46,-76
B3_R2,B3,2,15,B3_R2_S15.txt,155,51,104,9,-60,-64,-100,-100,-82,-100,-67,-67,-65,-70,-41,-68
B3_R3,B3,3,1,B3_R3_S1.txt,137,54,83,9,-61,-62,-100,-100,-71,-100,-77,-65,-68,-73,-28,-70
B3_R3,B3,3,2,B3_R3_S2.txt,130,51,79,8,-64,-71,-100,-100,-100,-100,-65,-63,-66,-73,-44,-72
B3_R3,B3,3,3,B3_R3_S3.txt,106,42,64,7,-64,-70,-100,-100,-100,-100,-79,-64,-68,-73,-49,-100
B3_R3,B3,3,4,B3_R3_S4.txt,103,40,63,7,-66,-74,-100,-100,-100,-100,-66,-62,-67,-73,-100,-70
B3_R3,B3,3,5,B3_R3_S5.txt,138,49,89,8,-67,-68,-100,-100,-100,-100,-66,-64,-67,-72,-45,-71
B3_R3,B3,3,6,B3_R3_S6.txt,138,42,96,6,-62,-71,-100,-100,-100,-100,-100,-64,-68,-73,-42,-100
B3_R3,B3,3,7,B3_R3_S7.txt,103,40,63,7,-63,-70,-100,-100,-76,-100,-65,-63,-68,-73,-100,-100
B3_R3,B3,3,8,B3_R3_S8.txt,153,56,97,9,-63,-73,-100,-100,-78,-100,-66,-64,-65,-74,-46,-71
B3_R3,B3,3,9,B3_R3_S9.txt,108,30,78,5,-100,-68,-100,-100,-100,-100,-62,-65,-67,-74,-100,-100
B3_R3,B3,3,10,B3_R3_S10.txt,158,54,104,8,-63,-70,-100,-100,-100,-100,-62,-60,-69,-70,-44,-68
B3_R3,B3,3,11,B3_R3_S11.txt,130,44,86,7,-64,-69,-100,-100,-100,-100,-62,-66,-68,-73,-46,-100
B3_R3,B3,3,12,B3_R3_S12.txt,153,45,108,7,-61,-69,-100,-100,-100,-100,-61,-67,-64,-72,-44,-100
B3_R3,B3,3,13,B3_R3_S13.txt,138,48,90,8,-61,-68,-100,-100,-100,-100,-61,-66,-68,-72,-45,-72
B3_R3,B3,3,14,B3_R3_S14.txt,137,48,89,8,-61,-67,-100,-100,-100,-100,-63,-63,-67,-71,-43,-72
B3_R3,B3,3,15,B3_R3_S15.txt,135,38,97,6,-100,-68,-100,-100,-100,-100,-63,-63,-66,-70,-43,-100
B4_R1,B4,1,1,B4_R1_S1.txt,95,24,71,6,-65,-62,-100,-100,-100,-100,-68,-74,-100,-79,-54,-100
B4_R1,B4,1,2,B4_R1_S2.txt,106,33,73,6,-79,-75,-100,-100,-100,-100,-73,-68,-71,-100,-59,-100
B4_R1,B4,1,3,B4_R1_S3.txt,126,41,85,7,-75,-73,-100,-100,-100,-100,-72,-70,-71,-77,-59,-100
B4_R1,B4,1,4,B4_R1_S4.txt,117,42,75,8,-72,-71,-100,-100,-100,-100,-69,-69,-61,-78,-55,-68
B4_R1,B4,1,5,B4_R1_S5.txt,135,46,89,8,-71,-66,-100,-100,-100,-100,-69,-69,-61,-80,-55,-68
B4_R1,B4,1,6,B4_R1_S6.txt,117,45,72,9,-71,-68,-100,-100,-82,-100,-72,-68,-63,-80,-55,-68
B4_R1,B4,1,7,B4_R1_S7.txt,103,33,70,9,-71,-68,-100,-100,-83,-100,-72,-67,-63,-79,-57,-70
B4_R1,B4,1,8,B4_R1_S8.txt,106,39,67,8,-100,-69,-100,-100,-81,-100,-76,-71,-63,-80,-57,-70
B4_R1,B4,1,9,B4_R1_S9.txt,130,45,85,9,-71,-68,-100,-100,-80,-100,-76,-69,-63,-79,-57,-70
B4_R1,B4,1,10,B4_R1_S10.txt,101,31,70,6,-73,-68,-100,-100,-80,-100,-79,-71,-100,-79,-100,-100
B4_R1,B4,1,11,B4_R1_S11.txt,111,35,76,6,-75,-68,-100,-100,-100,-100,-74,-71,-64,-77,-100,-100
B4_R1,B4,1,12,B4_R1_S12.txt,126,38,88,7,-100,-67,-100,-100,-100,-100,-74,-71,-62,-76,-60,-71
B4_R1,B4,1,13,B4_R1_S13.txt,125,31,94,7,-100,-68,-100,-100,-100,-100,-74,-69,-65,-75,-61,-71
B4_R1,B4,1,14,B4_R1_S14.txt,125,34,91,7,-100,-65,-100,-100,-100,-100,-75,-65,-65,-77,-61,-71
B4_R1,B4,1,15,B4_R1_S15.txt,134,39,95,7,-100,-66,-100,-100,-100,-100,-73,-66,-65,-76,-59,-69
B4_R2,B4,2,1,B4_R2_S1.txt,133,41,92,8,-63,-71,-100,-100,-85,-100,-72,-73,-100,-73,-50,-80
B4_R2,B4,2,2,B4_R2_S2.txt,130,31,99,7,-65,-70,-100,-100,-100,-100,-80,-70,-75,-79,-50,-100
B4_R2,B4,2,3,B4_R2_S3.txt,129,39,90,7,-100,-72,-100,-100,-100,-100,-77,-71,-73,-77,-60,-78
B4_R2,B4,2,4,B4_R2_S4.txt,129,39,90,7,-100,-72,-100,-100,-100,-100,-77,-71,-73,-77,-60,-78
B4_R2,B4,2,5,B4_R2_S5.txt,139,45,94,8,-71,-65,-100,-100,-88,-100,-77,-71,-73,-73,-60,-100
B4_R2,B4,2,6,B4_R2_S6.txt,132,44,88,8,-71,-67,-100,-100,-88,-100,-72,-68,-69,-72,-60,-100
B4_R2,B4,2,7,B4_R2_S7.txt,119,42,77,8,-72,-69,-100,-100,-100,-100,-72,-68,-68,-74,-60,-74
B4_R2,B4,2,8,B4_R2_S8.txt,120,50,70,8,-72,-65,-100,-100,-100,-100,-73,-70,-68,-74,-59,-73
B4_R2,B4,2,9,B4_R2_S9.txt,134,48,86,9,-70,-67,-100,-100,-87,-100,-75,-71,-69,-77,-59,-73
B4_R2,B4,2,10,B4_R2_S10.txt,128,39,89,8,-70,-70,-100,-100,-87,-100,-73,-72,-69,-74,-100,-73
B4_R2,B4,2,11,B4_R2_S11.txt,107,38,69,8,-74,-70,-100,-100,-87,-100,-100,-71,-73,-78,-60,-77
B4_R2,B4,2,12,B4_R2_S12.txt,112,36,76,7,-72,-69,-100,-100,-100,-100,-100,-76,-73,-78,-60,-77
B4_R2,B4,2,13,B4_R2_S13.txt,119,48,71,8,-74,-69,-100,-100,-100,-100,-74,-74,-71,-76,-57,-73
B4_R2,B4,2,14,B4_R2_S14.txt,122,44,78,8,-74,-71,-100,-100,-100,-100,-75,-72,-69,-76,-61,-74
B4_R2,B4,2,15,B4_R2_S15.txt,145,49,96,8,-74,-71,-100,-100,-100,-100,-74,-71,-69,-76,-61,-74
B4_R3,B4,3,1,B4_R3_S1.txt,126,47,79,8,-64,-68,-100,-100,-100,-100,-68,-69,-64,-73,-59,-71
B4_R3,B4,3,2,B4_R3_S2.txt,131,40,91,7,-70,-68,-100,-100,-100,-100,-76,-67,-64,-78,-56,-100
B4_R3,B4,3,3,B4_R3_S3.txt,135,50,85,8,-70,-67,-100,-100,-100,-100,-74,-69,-65,-78,-58,-71
B4_R3,B4,3,4,B4_R3_S4.txt,117,47,70,8,-69,-67,-100,-100,-100,-100,-73,-69,-64,-76,-60,-70
B4_R3,B4,3,5,B4_R3_S5.txt,117,49,68,7,-69,-68,-100,-100,-100,-100,-75,-68,-64,-76,-100,-69
B4_R3,B4,3,6,B4_R3_S6.txt,142,51,91,8,-71,-71,-100,-100,-100,-100,-75,-67,-66,-77,-59,-71
B4_R3,B4,3,7,B4_R3_S7.txt,143,52,91,8,-71,-72,-100,-100,-100,-100,-75,-67,-65,-76,-59,-72
B4_R3,B4,3,8,B4_R3_S8.txt,132,45,87,8,-72,-70,-100,-100,-100,-100,-77,-66,-65,-75,-58,-72
B4_R3,B4,3,9,B4_R3_S9.txt,123,34,89,5,-100,-73,-100,-100,-100,-100,-77,-71,-100,-75,-59,-100
B4_R3,B4,3,10,B4_R3_S10.txt,132,40,92,6,-100,-68,-100,-100,-100,-100,-77,-69,-100,-75,-58,-70
B4_R3,B4,3,11,B4_R3_S11.txt,136,43,93,7,-100,-69,-100,-100,-100,-100,-76,-69,-66,-75,-58,-70
B4_R3,B4,3,12,B4_R3_S12.txt,147,51,96,9,-72,-68,-100,-100,-83,-100,-75,-67,-67,-75,-59,-72
B4_R3,B4,3,13,B4_R3_S13.txt,96,27,69,6,-100,-72,-100,-100,-100,-100,-73,-68,-100,-78,-60,-73
B4_R3,B4,3,14,B4_R3_S14.txt,121,31,90,7,-100,-69,-100,-100,-100,-100,-73,-69,-69,-76,-61,-72
B4_R3,B4,3,15,B4_R3_S15.txt,123,32,91,7,-100,-66,-100,-100,-100,-100,-76,-69,-64,-77,-56,-71
B5_R1,B5,1,1,B5_R1_S1.txt,62,0,62,0,-100,-100,-100,-100,-100,-100,-100,-100,-100,-100,-100,-100
B5_R1,B5,1,2,B5_R1_S2.txt,43,0,43,0,-100,-100,-100,-100,-100,-100,-100,-100,-100,-100,-100,-100
B5_R1,B5,1,3,B5_R1_S3.txt,58,0,58,0,-100,-100,-100,-100,-100,-100,-100,-100,-100,-100,-100,-100
B5_R1,B5,1,4,B5_R1_S4.txt,59,0,59,0,-100,-100,-100,-100,-100,-100,-100,-100,-100,-100,-100,-100
B5_R1,B5,1,5,B5_R1_S5.txt,65,0,65,0,-100,-100,-100,-100,-100,-100,-100,-100,-100,-100,-100,-100
B5_R1,B5,1,6,B5_R1_S6.txt,47,1,46,1,-100,-100,-100,-100,-100,-100,-100,-100,-100,-100,-86,-100
B5_R1,B5,1,7,B5_R1_S7.txt,49,1,48,1,-100,-100,-100,-100,-100,-100,-100,-100,-100,-100,-86,-100
B5_R1,B5,1,8,B5_R1_S8.txt,57,0,57,0,-100,-100,-100,-100,-100,-100,-100,-100,-100,-100,-100,-100
B5_R1,B5,1,9,B5_R1_S9.txt,55,0,55,0,-100,-100,-100,-100,-100,-100,-100,-100,-100,-100,-100,-100
B5_R1,B5,1,10,B5_R1_S10.txt,61,0,61,0,-100,-100,-100,-100,-100,-100,-100,-100,-100,-100,-100,-100
B5_R1,B5,1,11,B5_R1_S11.txt,49,0,49,0,-100,-100,-100,-100,-100,-100,-100,-100,-100,-100,-100,-100
B5_R1,B5,1,12,B5_R1_S12.txt,65,0,65,0,-100,-100,-100,-100,-100,-100,-100,-100,-100,-100,-100,-100
B5_R1,B5,1,13,B5_R1_S13.txt,61,0,61,0,-100,-100,-100,-100,-100,-100,-100,-100,-100,-100,-100,-100
B5_R1,B5,1,14,B5_R1_S14.txt,61,0,61,0,-100,-100,-100,-100,-100,-100,-100,-100,-100,-100,-100,-100
B5_R1,B5,1,15,B5_R1_S15.txt,53,0,53,0,-100,-100,-100,-100,-100,-100,-100,-100,-100,-100,-100,-100
B5_R2,B5,2,1,B5_R2_S1.txt,121,29,92,7,-100,-70,-100,-100,-100,-100,-74,-70,-64,-77,-57,-71
B5_R2,B5,2,2,B5_R2_S2.txt,95,8,87,6,-100,-70,-100,-100,-100,-100,-74,-70,-100,-77,-87,-71
B5_R2,B5,2,3,B5_R2_S3.txt,65,5,60,1,-100,-100,-100,-100,-100,-100,-100,-100,-100,-100,-84,-100
B5_R2,B5,2,4,B5_R2_S4.txt,70,4,66,1,-100,-100,-100,-100,-100,-100,-100,-100,-100,-100,-84,-100
B5_R2,B5,2,5,B5_R2_S5.txt,67,2,65,1,-100,-100,-100,-100,-100,-100,-100,-100,-100,-100,-86,-100
B5_R2,B5,2,6,B5_R2_S6.txt,65,2,63,1,-100,-100,-100,-100,-100,-100,-100,-100,-100,-100,-86,-100
B5_R2,B5,2,7,B5_R2_S7.txt,53,0,53,0,-100,-100,-100,-100,-100,-100,-100,-100,-100,-100,-100,-100
B5_R2,B5,2,8,B5_R2_S8.txt,49,0,49,0,-100,-100,-100,-100,-100,-100,-100,-100,-100,-100,-100,-100
B5_R2,B5,2,9,B5_R2_S9.txt,51,0,51,0,-100,-100,-100,-100,-100,-100,-100,-100,-100,-100,-100,-100
B5_R2,B5,2,10,B5_R2_S10.txt,63,0,63,0,-100,-100,-100,-100,-100,-100,-100,-100,-100,-100,-100,-100
B5_R2,B5,2,11,B5_R2_S11.txt,72,3,69,1,-100,-100,-100,-100,-100,-100,-100,-100,-100,-100,-83,-100
B5_R2,B5,2,12,B5_R2_S12.txt,71,3,68,1,-100,-100,-100,-100,-100,-100,-100,-100,-100,-100,-83,-100
B5_R2,B5,2,13,B5_R2_S13.txt,71,0,71,0,-100,-100,-100,-100,-100,-100,-100,-100,-100,-100,-100,-100
B5_R2,B5,2,14,B5_R2_S14.txt,71,1,70,1,-100,-100,-100,-100,-100,-100,-100,-100,-100,-100,-86,-100
B5_R2,B5,2,15,B5_R2_S15.txt,71,1,70,1,-100,-100,-100,-100,-100,-100,-100,-100,-100,-100,-86,-100
B5_R3,B5,3,1,B5_R3_S1.txt,55,4,51,1,-100,-100,-100,-100,-100,-100,-100,-100,-100,-100,-85,-100
B5_R3,B5,3,2,B5_R3_S2.txt,67,0,67,0,-100,-100,-100,-100,-100,-100,-100,-100,-100,-100,-100,-100
B5_R3,B5,3,3,B5_R3_S3.txt,56,3,53,1,-100,-100,-100,-100,-100,-100,-100,-100,-100,-100,-83,-100
B5_R3,B5,3,4,B5_R3_S4.txt,52,3,49,1,-100,-100,-100,-100,-100,-100,-100,-100,-100,-100,-83,-100
B5_R3,B5,3,5,B5_R3_S5.txt,51,0,51,0,-100,-100,-100,-100,-100,-100,-100,-100,-100,-100,-100,-100
B5_R3,B5,3,6,B5_R3_S6.txt,58,0,58,0,-100,-100,-100,-100,-100,-100,-100,-100,-100,-100,-100,-100
B5_R3,B5,3,7,B5_R3_S7.txt,40,0,40,0,-100,-100,-100,-100,-100,-100,-100,-100,-100,-100,-100,-100
B5_R3,B5,3,8,B5_R3_S8.txt,75,3,72,1,-100,-100,-100,-100,-100,-100,-100,-100,-100,-100,-79,-100
B5_R3,B5,3,9,B5_R3_S9.txt,76,4,72,1,-100,-100,-100,-100,-100,-100,-100,-100,-100,-100,-79,-100
B5_R3,B5,3,10,B5_R3_S10.txt,61,2,59,1,-100,-100,-100,-100,-100,-100,-100,-100,-100,-100,-83,-100
B5_R3,B5,3,11,B5_R3_S11.txt,61,2,59,1,-100,-100,-100,-100,-100,-100,-100,-100,-100,-100,-83,-100
B5_R3,B5,3,12,B5_R3_S12.txt,66,2,64,1,-100,-100,-100,-100,-100,-100,-100,-100,-100,-100,-84,-100
B5_R3,B5,3,13,B5_R3_S13.txt,59,2,57,1,-100,-100,-100,-100,-100,-100,-100,-100,-100,-100,-84,-100
B5_R3,B5,3,14,B5_R3_S14.txt,62,0,62,0,-100,-100,-100,-100,-100,-100,-100,-100,-100,-100,-100,-100
B5_R3,B5,3,15,B5_R3_S15.txt,62,0,62,0,-100,-100,-100,-100,-100,-100,-100,-100,-100,-100,-100,-100
B6_R1,B6,1,1,B6_R1_S1.txt,101,4,97,2,-100,-100,-100,-100,-100,-100,-83,-100,-100,-100,-66,-100
B6_R1,B6,1,2,B6_R1_S2.txt,119,12,107,2,-100,-100,-100,-100,-100,-100,-80,-100,-100,-100,-66,-100
B6_R1,B6,1,3,B6_R1_S3.txt,116,10,106,2,-100,-100,-100,-100,-100,-100,-80,-100,-100,-100,-68,-100
B6_R1,B6,1,4,B6_R1_S4.txt,101,8,93,2,-100,-100,-100,-100,-100,-100,-82,-100,-100,-100,-68,-100
B6_R1,B6,1,5,B6_R1_S5.txt,107,5,102,2,-100,-100,-100,-100,-100,-100,-82,-100,-100,-100,-69,-100
B6_R1,B6,1,6,B6_R1_S6.txt,100,4,96,2,-100,-100,-100,-100,-100,-100,-81,-100,-100,-100,-69,-100
B6_R1,B6,1,7,B6_R1_S7.txt,103,4,99,2,-100,-100,-100,-100,-100,-100,-80,-100,-100,-100,-64,-100
B6_R1,B6,1,8,B6_R1_S8.txt,109,5,104,2,-100,-100,-100,-100,-100,-100,-80,-100,-100,-100,-63,-100
B6_R1,B6,1,9,B6_R1_S9.txt,110,5,105,2,-100,-100,-100,-100,-100,-100,-80,-100,-100,-100,-64,-100
B6_R1,B6,1,10,B6_R1_S10.txt,97,4,93,2,-100,-100,-100,-100,-100,-100,-80,-100,-100,-100,-73,-100
B6_R1,B6,1,11,B6_R1_S11.txt,99,3,96,2,-100,-100,-100,-100,-100,-100,-80,-100,-100,-100,-73,-100
B6_R1,B6,1,12,B6_R1_S12.txt,99,5,94,2,-100,-100,-100,-100,-100,-100,-83,-100,-100,-100,-64,-100
B6_R1,B6,1,13,B6_R1_S13.txt,98,5,93,2,-100,-100,-100,-100,-100,-100,-83,-100,-100,-100,-64,-100
B6_R1,B6,1,14,B6_R1_S14.txt,99,5,94,2,-100,-100,-100,-100,-100,-100,-83,-100,-100,-100,-64,-100
B6_R1,B6,1,15,B6_R1_S15.txt,85,4,81,2,-100,-100,-100,-100,-100,-100,-83,-100,-100,-100,-63,-100
B6_R2,B6,2,1,B6_R2_S1.txt,90,5,85,1,-100,-100,-100,-100,-100,-100,-100,-100,-100,-100,-67,-100
B6_R2,B6,2,2,B6_R2_S2.txt,78,6,72,1,-100,-100,-100,-100,-100,-100,-100,-100,-100,-100,-65,-100
B6_R2,B6,2,3,B6_R2_S3.txt,86,6,80,1,-100,-100,-100,-100,-100,-100,-100,-100,-100,-100,-65,-100
B6_R2,B6,2,4,B6_R2_S4.txt,73,4,69,2,-100,-100,-100,-100,-100,-100,-84,-100,-100,-100,-67,-100
B6_R2,B6,2,5,B6_R2_S5.txt,80,7,73,2,-100,-100,-100,-100,-100,-100,-84,-100,-100,-100,-68,-100
B6_R2,B6,2,6,B6_R2_S6.txt,72,6,66,2,-100,-100,-100,-100,-100,-100,-86,-100,-100,-100,-68,-100
B6_R2,B6,2,7,B6_R2_S7.txt,79,2,77,2,-100,-100,-100,-100,-100,-100,-86,-100,-100,-100,-64,-100
B6_R2,B6,2,8,B6_R2_S8.txt,87,5,82,2,-100,-100,-100,-100,-100,-100,-82,-100,-100,-100,-64,-100
B6_R2,B6,2,9,B6_R2_S9.txt,89,6,83,2,-100,-100,-100,-100,-100,-100,-82,-100,-100,-100,-65,-100
B6_R2,B6,2,10,B6_R2_S10.txt,79,4,75,1,-100,-100,-100,-100,-100,-100,-100,-100,-100,-100,-66,-100
B6_R2,B6,2,11,B6_R2_S11.txt,75,4,71,1,-100,-100,-100,-100,-100,-100,-100,-100,-100,-100,-65,-100
B6_R2,B6,2,12,B6_R2_S12.txt,75,4,71,1,-100,-100,-100,-100,-100,-100,-100,-100,-100,-100,-65,-100
B6_R2,B6,2,13,B6_R2_S13.txt,78,5,73,2,-100,-100,-100,-100,-100,-100,-85,-100,-100,-100,-65,-100
B6_R2,B6,2,14,B6_R2_S14.txt,82,7,75,2,-100,-100,-100,-100,-100,-100,-84,-100,-100,-100,-65,-100
B6_R2,B6,2,15,B6_R2_S15.txt,82,7,75,2,-100,-100,-100,-100,-100,-100,-84,-100,-100,-100,-65,-100
B6_R3,B6,3,1,B6_R3_S1.txt,100,17,83,3,-100,-100,-100,-100,-100,-100,-100,-79,-100,-75,-62,-100
B6_R3,B6,3,2,B6_R3_S2.txt,99,3,96,1,-100,-100,-100,-100,-100,-100,-100,-100,-100,-100,-68,-100
B6_R3,B6,3,3,B6_R3_S3.txt,98,2,96,2,-100,-100,-100,-100,-100,-100,-88,-100,-100,-100,-70,-100
B6_R3,B6,3,4,B6_R3_S4.txt,99,1,98,1,-100,-100,-100,-100,-100,-100,-88,-100,-100,-100,-100,-100
B6_R3,B6,3,5,B6_R3_S5.txt,77,1,76,1,-100,-100,-100,-100,-100,-100,-88,-100,-100,-100,-100,-100
B6_R3,B6,3,6,B6_R3_S6.txt,95,6,89,1,-100,-100,-100,-100,-100,-100,-100,-100,-100,-100,-69,-100
B6_R3,B6,3,7,B6_R3_S7.txt,109,6,103,1,-100,-100,-100,-100,-100,-100,-100,-100,-100,-100,-69,-100
B6_R3,B6,3,8,B6_R3_S8.txt,89,2,87,1,-100,-100,-100,-100,-100,-100,-100,-100,-100,-100,-68,-100
B6_R3,B6,3,9,B6_R3_S9.txt,87,2,85,1,-100,-100,-100,-100,-100,-100,-100,-100,-100,-100,-68,-100
B6_R3,B6,3,10,B6_R3_S10.txt,74,1,73,1,-100,-100,-100,-100,-100,-100,-86,-100,-100,-100,-100,-100
B6_R3,B6,3,11,B6_R3_S11.txt,70,2,68,2,-100,-100,-100,-100,-100,-100,-86,-100,-100,-100,-71,-100
B6_R3,B6,3,12,B6_R3_S12.txt,109,8,101,2,-100,-100,-100,-100,-100,-100,-85,-100,-100,-100,-67,-100
B6_R3,B6,3,13,B6_R3_S13.txt,85,7,78,2,-100,-100,-100,-100,-100,-100,-85,-100,-100,-100,-68,-100
B6_R3,B6,3,14,B6_R3_S14.txt,93,3,90,1,-100,-100,-100,-100,-100,-100,-100,-100,-100,-100,-68,-100
B6_R3,B6,3,15,B6_R3_S15.txt,88,4,84,1,-100,-100,-100,-100,-100,-100,-100,-100,-100,-100,-70,-100
B7_R1,B7,1,1,B7_R1_S1.txt,101,42,59,8,-100,-60,-100,-80,-62,-70,-100,-63,-67,-69,-49,-100
B7_R1,B7,1,2,B7_R1_S2.txt,96,33,63,10,-76,-60,-100,-81,-68,-76,-55,-66,-67,-69,-61,-100
B7_R1,B7,1,3,B7_R1_S3.txt,89,33,56,7,-72,-100,-100,-100,-63,-73,-58,-64,-87,-100,-52,-100
B7_R1,B7,1,4,B7_R1_S4.txt,106,33,73,7,-76,-100,-100,-100,-63,-71,-58,-66,-87,-100,-55,-100
B7_R1,B7,1,5,B7_R1_S5.txt,83,29,54,5,-73,-100,-100,-100,-100,-75,-60,-63,-100,-100,-49,-100
B7_R1,B7,1,6,B7_R1_S6.txt,88,30,58,6,-73,-100,-100,-100,-63,-75,-60,-64,-100,-100,-49,-100
B7_R1,B7,1,7,B7_R1_S7.txt,89,21,68,6,-74,-100,-100,-100,-64,-73,-61,-66,-100,-100,-51,-100
B7_R1,B7,1,8,B7_R1_S8.txt,91,25,66,6,-75,-100,-100,-100,-64,-73,-63,-66,-100,-100,-51,-100
B7_R1,B7,1,9,B7_R1_S9.txt,79,23,56,6,-72,-100,-100,-100,-65,-74,-66,-66,-100,-100,-54,-100
B7_R1,B7,1,10,B7_R1_S10.txt,77,29,48,6,-72,-100,-100,-100,-65,-78,-59,-66,-100,-100,-56,-100
B7_R1,B7,1,11,B7_R1_S11.txt,94,33,61,6,-75,-100,-100,-100,-67,-75,-60,-67,-100,-100,-55,-100
B7_R1,B7,1,12,B7_R1_S12.txt,89,33,56,6,-75,-100,-100,-100,-68,-75,-60,-67,-100,-100,-55,-100
B7_R1,B7,1,13,B7_R1_S13.txt,82,27,55,6,-75,-100,-100,-100,-68,-73,-60,-68,-100,-100,-59,-100
B7_R1,B7,1,14,B7_R1_S14.txt,93,36,57,6,-74,-100,-100,-100,-66,-73,-66,-66,-100,-100,-58,-100
B7_R1,B7,1,15,B7_R1_S15.txt,105,36,69,6,-75,-100,-100,-100,-66,-74,-61,-68,-100,-100,-58,-100
B7_R2,B7,2,1,B7_R2_S1.txt,75,31,44,7,-100,-80,-100,-100,-67,-75,-58,-62,-82,-100,-50,-100
B7_R2,B7,2,2,B7_R2_S2.txt,84,35,49,8,-76,-78,-100,-100,-70,-77,-61,-63,-87,-100,-55,-100
B7_R2,B7,2,3,B7_R2_S3.txt,73,23,50,4,-100,-100,-100,-100,-100,-75,-60,-61,-100,-100,-56,-100
B7_R2,B7,2,4,B7_R2_S4.txt,75,30,45,6,-75,-100,-100,-100,-100,-75,-60,-61,-84,-100,-54,-100
B7_R2,B7,2,5,B7_R2_S5.txt,57,16,41,4,-100,-100,-100,-100,-100,-76,-61,-66,-100,-100,-53,-100
B7_R2,B7,2,6,B7_R2_S6.txt,62,18,44,4,-100,-100,-100,-100,-100,-76,-61,-67,-100,-100,-54,-100
B7_R2,B7,2,7,B7_R2_S7.txt,85,32,53,7,-74,-100,-85,-100,-70,-76,-61,-73,-100,-100,-56,-100
B7_R2,B7,2,8,B7_R2_S8.txt,61,26,35,6,-74,-100,-100,-100,-68,-74,-62,-69,-100,-100,-57,-100
B7_R2,B7,2,9,B7_R2_S9.txt,67,32,35,7,-73,-100,-100,-100,-66,-73,-62,-67,-87,-100,-56,-100
B7_R2,B7,2,10,B7_R2_S10.txt,66,24,42,5,-74,-100,-100,-100,-100,-77,-62,-65,-100,-100,-57,-100
B7_R2,B7,2,11,B7_R2_S11.txt,69,28,41,6,-73,-100,-85,-100,-100,-76,-61,-66,-100,-100,-58,-100
B7_R2,B7,2,12,B7_R2_S12.txt,53,16,37,4,-100,-100,-85,-100,-100,-75,-62,-66,-100,-100,-100,-100
B7_R2,B7,2,13,B7_R2_S13.txt,70,21,49,5,-76,-100,-85,-100,-100,-75,-100,-68,-100,-100,-55,-100
B7_R2,B7,2,14,B7_R2_S14.txt,70,28,42,6,-74,-100,-85,-100,-100,-74,-100,-66,-85,-100,-56,-100
B7_R2,B7,2,15,B7_R2_S15.txt,70,25,45,5,-75,-100,-85,-100,-100,-75,-100,-69,-100,-100,-54,-100
B7_R3,B7,3,1,B7_R3_S1.txt,82,33,49,7,-72,-78,-100,-100,-65,-73,-62,-65,-85,-100,-100,-100
B7_R3,B7,3,2,B7_R3_S2.txt,90,26,64,5,-100,-80,-100,-100,-100,-76,-60,-67,-100,-100,-56,-100
B7_R3,B7,3,3,B7_R3_S3.txt,82,35,47,7,-77,-78,-100,-100,-63,-76,-61,-68,-100,-100,-55,-100
B7_R3,B7,3,4,B7_R3_S4.txt,67,22,45,6,-77,-79,-100,-100,-63,-77,-60,-68,-100,-100,-100,-100
B7_R3,B7,3,5,B7_R3_S5.txt,88,27,61,6,-100,-80,-100,-100,-68,-81,-57,-68,-100,-100,-53,-100
B7_R3,B7,3,6,B7_R3_S6.txt,74,23,51,5,-100,-100,-100,-100,-68,-80,-59,-69,-100,-100,-53,-100
B7_R3,B7,3,7,B7_R3_S7.txt,71,20,51,6,-100,-79,-100,-100,-63,-77,-61,-67,-100,-100,-53,-100
B7_R3,B7,3,8,B7_R3_S8.txt,68,22,46,6,-75,-100,-100,-100,-62,-80,-64,-69,-88,-100,-100,-100
B7_R3,B7,3,9,B7_R3_S9.txt,68,19,49,5,-75,-100,-100,-100,-62,-77,-100,-71,-88,-100,-100,-100
B7_R3,B7,3,10,B7_R3_S10.txt,82,20,62,4,-100,-100,-100,-100,-100,-77,-60,-71,-100,-100,-54,-100
B7_R3,B7,3,11,B7_R3_S11.txt,77,20,57,4,-100,-100,-100,-100,-100,-78,-61,-70,-100,-100,-54,-100
B7_R3,B7,3,12,B7_R3_S12.txt,76,16,60,4,-100,-100,-100,-100,-100,-78,-63,-69,-100,-100,-54,-100
B7_R3,B7,3,13,B7_R3_S13.txt,85,25,60,5,-77,-100,-100,-100,-64,-100,-62,-68,-100,-100,-56,-100
B7_R3,B7,3,14,B7_R3_S14.txt,80,26,54,5,-75,-100,-100,-100,-64,-78,-100,-70,-100,-100,-54,-100
B7_R3,B7,3,15,B7_R3_S15.txt,78,25,53,5,-74,-100,-100,-100,-100,-76,-63,-70,-100,-100,-56,-100
C0_R1,C0,1,1,C0_R1_S1.txt,95,52,43,10,-48,-50,-75,-77,-78,-100,-75,-100,-67,-76,-79,-80
C0_R1,C0,1,2,C0_R1_S2.txt,95,52,43,10,-48,-50,-75,-77,-78,-100,-75,-100,-67,-76,-79,-80
C0_R1,C0,1,3,C0_R1_S3.txt,95,52,43,10,-48,-50,-75,-77,-78,-100,-75,-100,-67,-76,-79,-80
C0_R1,C0,1,4,C0_R1_S4.txt,95,52,43,10,-48,-50,-75,-77,-78,-100,-75,-100,-67,-76,-79,-80
C0_R1,C0,1,5,C0_R1_S5.txt,95,52,43,10,-48,-50,-75,-77,-78,-100,-75,-100,-67,-76,-79,-80
C0_R1,C0,1,6,C0_R1_S6.txt,113,51,62,10,-48,-46,-74,-76,-77,-100,-83,-65,-67,-73,-100,-72
C0_R1,C0,1,7,C0_R1_S7.txt,113,51,62,10,-48,-46,-74,-76,-77,-100,-83,-65,-67,-73,-100,-72
C0_R1,C0,1,8,C0_R1_S8.txt,113,51,62,10,-48,-46,-74,-76,-77,-100,-83,-65,-67,-73,-100,-72
C0_R1,C0,1,9,C0_R1_S9.txt,113,51,62,10,-48,-46,-74,-76,-77,-100,-83,-65,-67,-73,-100,-72
C0_R1,C0,1,10,C0_R1_S10.txt,113,51,62,10,-48,-46,-74,-76,-77,-100,-83,-65,-67,-73,-100,-72
C0_R1,C0,1,11,C0_R1_S11.txt,113,51,62,10,-48,-46,-74,-76,-77,-100,-83,-65,-67,-73,-100,-72
C0_R1,C0,1,12,C0_R1_S12.txt,113,51,62,10,-48,-46,-74,-76,-77,-100,-83,-65,-67,-73,-100,-72
C0_R1,C0,1,13,C0_R1_S13.txt,74,27,47,5,-100,-41,-100,-100,-100,-100,-83,-65,-100,-68,-100,-72
C0_R1,C0,1,14,C0_R1_S14.txt,74,27,47,5,-100,-41,-100,-100,-100,-100,-83,-65,-100,-68,-100,-72
C0_R1,C0,1,15,C0_R1_S15.txt,74,27,47,5,-100,-41,-100,-100,-100,-100,-83,-65,-100,-68,-100,-72
C0_R2,C0,2,1,C0_R2_S1.txt,135,61,74,12,-32,-44,-77,-63,-67,-79,-59,-66,-56,-58,-70,-59
C0_R2,C0,2,2,C0_R2_S2.txt,157,67,90,12,-34,-42,-67,-58,-67,-79,-59,-61,-58,-70,-62,-77
C0_R2,C0,2,3,C0_R2_S3.txt,127,54,73,10,-32,-35,-70,-59,-100,-100,-61,-62,-65,-66,-59,-63
C0_R2,C0,2,4,C0_R2_S4.txt,146,58,88,11,-31,-37,-70,-59,-100,-74,-62,-62,-58,-69,-59,-63
C0_R2,C0,2,5,C0_R2_S5.txt,146,65,81,11,-36,-37,-71,-60,-100,-75,-54,-63,-59,-64,-59,-63
C0_R2,C0,2,6,C0_R2_S6.txt,160,69,91,11,-33,-39,-71,-60,-100,-76,-54,-65,-57,-65,-59,-63
C0_R2,C0,2,7,C0_R2_S7.txt,143,57,86,10,-30,-38,-75,-62,-100,-100,-53,-62,-56,-65,-62,-64
C0_R2,C0,2,8,C0_R2_S8.txt,141,55,86,10,-31,-39,-75,-62,-100,-100,-53,-62,-56,-64,-60,-67
C0_R2,C0,2,9,C0_R2_S9.txt,135,62,73,11,-33,-39,-100,-63,-57,-77,-51,-63,-56,-66,-62,-63
C0_R2,C0,2,10,C0_R2_S10.txt,163,68,95,12,-33,-37,-75,-63,-59,-77,-60,-65,-58,-67,-62,-62
C0_R2,C0,2,11,C0_R2_S11.txt,154,61,93,11,-34,-38,-75,-100,-58,-77,-54,-63,-56,-70,-60,-64
C0_R2,C0,2,12,C0_R2_S12.txt,182,71,111,12,-34,-38,-73,-59,-58,-77,-54,-66,-56,-69,-61,-65
C0_R2,C0,2,13,C0_R2_S13.txt,145,62,83,12,-33,-40,-71,-62,-58,-75,-54,-61,-57,-68,-62,-68
C0_R2,C0,2,14,C0_R2_S14.txt,161,68,93,12,-31,-38,-67,-61,-58,-73,-52,-64,-59,-71,-61,-64
C0_R2,C0,2,15,C0_R2_S15.txt,175,78,97,12,-31,-37,-67,-61,-60,-73,-52,-65,-60,-67,-61,-64
C0_R3,C0,3,1,C0_R3_S1.txt,109,51,58,8,-35,-43,-100,-63,-66,-100,-64,-65,-59,-75,-100,-100
C0_R3,C0,3,2,C0_R3_S2.txt,147,75,72,11,-33,-39,-69,-63,-65,-100,-60,-66,-62,-63,-72,-69
C0_R3,C0,3,3,C0_R3_S3.txt,106,43,63,7,-100,-39,-69,-100,-63,-100,-62,-66,-100,-59,-67,-100
C0_R3,C0,3,4,C0_R3_S4.txt,114,57,57,10,-30,-37,-100,-61,-65,-100,-78,-68,-57,-64,-67,-67
C0_R3,C0,3,5,C0_R3_S5.txt,129,51,78,9,-100,-37,-72,-61,-100,-81,-71,-68,-100,-63,-66,-66
C0_R3,C0,3,6,C0_R3_S6.txt,125,55,70,9,-32,-38,-71,-61,-65,-100,-62,-69,-54,-62,-100,-100
C0_R3,C0,3,7,C0_R3_S7.txt,135,60,75,10,-35,-38,-70,-61,-68,-100,-62,-68,-57,-61,-68,-100
C0_R3,C0,3,8,C0_R3_S8.txt,131,71,60,11,-37,-38,-70,-60,-69,-100,-62,-69,-55,-62,-67,-69
C0_R3,C0,3,9,C0_R3_S9.txt,137,64,73,10,-32,-39,-70,-100,-69,-100,-63,-68,-55,-64,-69,-70
C0_R3,C0,3,10,C0_R3_S10.txt,128,67,61,11,-29,-37,-70,-62,-61,-100,-66,-65,-58,-62,-64,-68
C0_R3,C0,3,11,C0_R3_S11.txt,141,67,74,10,-30,-37,-69,-64,-68,-100,-68,-66,-55,-59,-65,-100
C0_R3,C0,3,12,C0_R3_S12.txt,135,55,80,9,-100,-36,-70,-100,-63,-100,-66,-65,-56,-61,-69,-65
C0_R3,C0,3,13,C0_R3_S13.txt,120,60,60,11,-31,-36,-71,-64,-66,-79,-60,-66,-100,-63,-64,-62
C0_R3,C0,3,14,C0_R3_S14.txt,115,48,67,9,-100,-36,-74,-64,-64,-100,-68,-67,-56,-63,-100,-62
C0_R3,C0,3,15,C0_R3_S15.txt,118,49,69,9,-100,-36,-74,-63,-63,-100,-72,-65,-56,-62,-100,-62
C1_R1,C1,1,1,C1_R1_S1.txt,22,9,13,2,-79,-100,-100,-100,-100,-100,-100,-100,-83,-100,-100,-100
C1_R1,C1,1,2,C1_R1_S2.txt,29,13,16,3,-77,-100,-90,-100,-100,-100,-100,-100,-78,-100,-100,-100
C1_R1,C1,1,3,C1_R1_S3.txt,16,8,8,3,-84,-100,-90,-100,-100,-100,-100,-100,-79,-100,-100,-100
C1_R1,C1,1,4,C1_R1_S4.txt,24,8,16,3,-84,-100,-90,-100,-100,-100,-100,-100,-78,-100,-100,-100
C1_R1,C1,1,5,C1_R1_S5.txt,25,8,17,2,-80,-100,-100,-100,-100,-100,-100,-100,-78,-100,-100,-100
C1_R1,C1,1,6,C1_R1_S6.txt,19,8,11,3,-80,-100,-86,-100,-100,-100,-100,-100,-79,-100,-100,-100
C1_R1,C1,1,7,C1_R1_S7.txt,30,12,18,3,-71,-100,-86,-100,-100,-100,-100,-100,-78,-100,-100,-100
C1_R1,C1,1,8,C1_R1_S8.txt,26,7,19,2,-76,-100,-100,-100,-100,-100,-100,-100,-77,-100,-100,-100
C1_R1,C1,1,9,C1_R1_S9.txt,26,7,19,2,-76,-100,-100,-100,-100,-100,-100,-100,-77,-100,-100,-100
C1_R1,C1,1,10,C1_R1_S10.txt,28,10,18,2,-76,-100,-100,-100,-100,-100,-100,-100,-79,-100,-100,-100
C1_R1,C1,1,11,C1_R1_S11.txt,28,10,18,2,-77,-100,-100,-100,-100,-100,-100,-100,-79,-100,-100,-100
C1_R1,C1,1,12,C1_R1_S12.txt,27,11,16,2,-81,-100,-100,-100,-100,-100,-100,-100,-82,-100,-100,-100
C1_R1,C1,1,13,C1_R1_S13.txt,26,11,15,2,-80,-100,-100,-100,-100,-100,-100,-100,-83,-100,-100,-100
C1_R1,C1,1,14,C1_R1_S14.txt,23,6,17,2,-77,-100,-100,-100,-100,-100,-100,-100,-83,-100,-100,-100
C1_R1,C1,1,15,C1_R1_S15.txt,29,12,17,3,-79,-100,-100,-100,-100,-100,-90,-100,-81,-100,-100,-100
C1_R2,C1,2,1,C1_R2_S1.txt,100,49,51,11,-76,-53,-81,-75,-77,-100,-68,-75,-63,-69,-72,-76
C1_R2,C1,2,2,C1_R2_S2.txt,36,21,15,5,-75,-100,-82,-100,-79,-100,-87,-100,-80,-100,-100,-100
C1_R2,C1,2,3,C1_R2_S3.txt,29,14,15,5,-79,-100,-86,-100,-79,-100,-90,-100,-84,-100,-100,-100
C1_R2,C1,2,4,C1_R2_S4.txt,24,10,14,4,-81,-100,-86,-100,-79,-100,-90,-100,-100,-100,-100,-100
C1_R2,C1,2,5,C1_R2_S5.txt,33,13,20,5,-78,-100,-86,-100,-79,-100,-90,-100,-82,-100,-100,-100
C1_R2,C1,2,6,C1_R2_S6.txt,21,9,12,3,-76,-100,-82,-100,-100,-100,-100,-100,-82,-100,-100,-100
C1_R2,C1,2,7,C1_R2_S7.txt,25,9,16,3,-77,-100,-82,-100,-100,-100,-100,-100,-82,-100,-100,-100
C1_R2,C1,2,8,C1_R2_S8.txt,33,14,19,3,-80,-100,-82,-100,-100,-100,-100,-100,-82,-100,-100,-100
C1_R2,C1,2,9,C1_R2_S9.txt,29,12,17,2,-81,-100,-100,-100,-100,-100,-100,-100,-82,-100,-100,-100
C1_R2,C1,2,10,C1_R2_S10.txt,30,12,18,2,-78,-100,-100,-100,-100,-100,-100,-100,-82,-100,-100,-100
C1_R2,C1,2,11,C1_R2_S11.txt,31,12,19,2,-78,-100,-100,-100,-100,-100,-100,-100,-83,-100,-100,-100
C1_R2,C1,2,12,C1_R2_S12.txt,22,7,15,2,-81,-100,-100,-100,-100,-100,-100,-100,-84,-100,-100,-100
C1_R2,C1,2,13,C1_R2_S13.txt,42,19,23,4,-82,-100,-82,-100,-85,-100,-100,-100,-84,-100,-100,-100
C1_R2,C1,2,14,C1_R2_S14.txt,40,19,21,4,-79,-100,-82,-100,-85,-100,-100,-100,-84,-100,-100,-100
C1_R2,C1,2,15,C1_R2_S15.txt,17,4,13,3,-79,-100,-83,-100,-100,-100,-100,-100,-83,-100,-100,-100
C1_R3,C1,3,1,C1_R3_S1.txt,131,55,76,11,-58,-68,-66,-85,-90,-100,-64,-66,-32,-45,-66,-61
C1_R3,C1,3,2,C1_R3_S2.txt,24,12,12,3,-100,-74,-100,-100,-100,-100,-86,-100,-83,-100,-100,-100
C1_R3,C1,3,3,C1_R3_S3.txt,27,18,9,3,-83,-76,-100,-100,-100,-100,-100,-100,-83,-100,-100,-100
C1_R3,C1,3,4,C1_R3_S4.txt,30,18,12,4,-75,-77,-100,-100,-100,-100,-91,-100,-79,-100,-100,-100
C1_R3,C1,3,5,C1_R3_S5.txt,37,21,16,4,-100,-76,-82,-100,-100,-100,-83,-100,-100,-100,-100,-88
C1_R3,C1,3,6,C1_R3_S6.txt,46,33,13,7,-69,-75,-76,-100,-100,-100,-81,-100,-72,-100,-86,-88
C1_R3,C1,3,7,C1_R3_S7.txt,27,11,16,3,-100,-72,-100,-100,-83,-100,-84,-100,-100,-100,-100,-100
C1_R3,C1,3,8,C1_R3_S8.txt,32,18,14,4,-100,-78,-79,-100,-100,-100,-83,-100,-73,-100,-100,-100
C1_R3,C1,3,9,C1_R3_S9.txt,45,32,13,6,-72,-76,-77,-100,-100,-100,-84,-100,-75,-100,-86,-100
C1_R3,C1,3,10,C1_R3_S10.txt,39,23,16,5,-71,-75,-100,-100,-85,-100,-100,-100,-75,-100,-87,-100
C1_R3,C1,3,11,C1_R3_S11.txt,43,25,18,5,-72,-76,-77,-100,-100,-100,-83,-100,-78,-100,-100,-100
C1_R3,C1,3,12,C1_R3_S12.txt,22,9,13,2,-100,-76,-100,-100,-100,-100,-100,-100,-100,-100,-85,-100
C1_R3,C1,3,13,C1_R3_S13.txt,40,27,13,5,-100,-75,-79,-100,-86,-100,-80,-100,-100,-100,-80,-100
C1_R3,C1,3,14,C1_R3_S14.txt,45,29,16,6,-72,-76,-78,-100,-83,-100,-100,-100,-72,-100,-85,-100
C1_R3,C1,3,15,C1_R3_S15.txt,42,29,13,7,-71,-77,-79,-100,-83,-100,-81,-100,-72,-100,-85,-100
