SessionId,CheckpointId,RunId,ScanCount,MeanMatchedFeatureCount,Ap00Df24G,Ap00Df5G,Ap2436Da9D3C24G,Ap2436Da9Df124G,Ap2436DaA38924G,Ap2436DaA3895G,Ap40017A539724G,Ap40017A53975G,Ap6C310E56E124G,Ap6C310E56E15G,Ap7488Bb8Aaa24G,ApF80BCbF38824G
A1_R1,A1,1,15,8.8,-66,-67,-65,-100,-100,-100,-67,-56,-32,-38,-69,-56
A1_R2,A1,2,15,8.6,-65,-58,-67,-100,-100,-100,-62,-66,-32,-45,-65,-58
A1_R3,A1,3,15,7.73,-66,-68,-66,-100,-100,-100,-64,-62,-32,-47,-67,-59
A2_R1,A2,1,15,7.8,-65,-67,-79,-100,-100,-100,-58,-66,-56,-63,-73,-45
A2_R2,A2,2,15,8.47,-72,-68,-74,-100,-100,-100,-61,-62,-58,-66,-74,-42
A2_R3,A2,3,15,7.93,-69,-67,-75,-100,-100,-100,-60,-61,-57,-63,-72,-45
A3_R1,A3,1,15,8.07,-67,-66,-81,-100,-100,-100,-52,-64,-65,-68,-68,-27
A3_R2,A3,2,15,8.6,-66,-62,-79,-100,-100,-100,-49,-60,-62,-63,-72,-25
A3_R3,A3,3,15,7.47,-74,-62,-83,-100,-100,-100,-53,-58,-63,-67,-68,-31
A4_R1,A4,1,15,7.53,-75,-62,-100,-100,-100,-100,-32,-44,-70,-71,-71,-51
A4_R2,A4,2,15,8.07,-67,-64,-100,-100,-100,-100,-27,-39,-66,-74,-75,-48
A4_R3,A4,3,15,7.33,-70,-69,-100,-100,-100,-100,-31,-39,-68,-71,-74,-53
A5_R1,A5,1,15,2.93,-100,-100,-100,-100,-100,-100,-60,-75,-100,-100,-100,-77
A5_R2,A5,2,15,3.0,-100,-100,-100,-100,-100,-100,-64,-76,-100,-100,-100,-76
A5_R3,A5,3,15,2.6,-100,-100,-100,-100,-100,-100,-64,-77,-100,-100,-100,-76
A6_R1,A6,1,15,4.27,-100,-100,-100,-100,-100,-100,-55,-68,-79,-100,-100,-52
A6_R2,A6,2,15,4.07,-100,-100,-100,-100,-100,-100,-57,-68,-78,-100,-100,-53
A6_R3,A6,3,15,3.8,-100,-100,-100,-100,-100,-100,-61,-67,-82,-100,-100,-53
A7_R1,A7,1,15,5.73,-82,-100,-61,-100,-100,-100,-81,-100,-54,-66,-100,-69
A7_R2,A7,2,15,5.27,-81,-100,-64,-100,-100,-100,-82,-100,-57,-67,-100,-69
A7_R3,A7,3,15,4.67,-100,-100,-63,-100,-100,-100,-83,-100,-60,-69,-100,-71
B1_R1,B1,1,15,8.13,-60,-59,-100,-100,-100,-76,-37,-42,-68,-72,-56,-100
B1_R2,B1,2,15,10.67,-54,-58,-100,-85,-66,-76,-35,-42,-62,-70,-53,-68
B1_R3,B1,3,15,9.33,-57,-58,-87,-84,-100,-76,-39,-41,-62,-70,-50,-69
B2_R1,B2,1,15,7.47,-64,-67,-100,-100,-80,-100,-57,-58,-68,-76,-34,-75
B2_R2,B2,2,15,9.0,-57,-66,-100,-100,-81,-100,-56,-66,-62,-75,-30,-68
B2_R3,B2,3,15,7.87,-66,-63,-100,-100,-75,-100,-60,-65,-69,-74,-30,-80
B3_R1,B3,1,15,7.2,-68,-63,-100,-100,-100,-100,-64,-65,-67,-74,-47,-76
B3_R2,B3,2,15,8.13,-69,-65,-100,-100,-100,-100,-64,-65,-65,-74,-47,-73
B3_R3,B3,3,15,7.33,-63,-69,-100,-100,-100,-100,-65,-64,-67,-73,-45,-72
B4_R1,B4,1,15,7.33,-75,-68,-100,-100,-100,-100,-73,-69,-64,-79,-59,-71
B4_R2,B4,2,15,7.8,-72,-70,-100,-100,-100,-100,-75,-71,-71,-76,-60,-77
B4_R3,B4,3,15,7.27,-72,-68,-100,-100,-100,-100,-75,-69,-65,-76,-59,-71
B5_R1,B5,1,15,0.13,-100,-100,-100,-100,-100,-100,-100,-100,-100,-100,-100,-100
B5_R2,B5,2,15,1.4,-100,-100,-100,-100,-100,-100,-100,-100,-100,-100,-86,-100
B5_R3,B5,3,15,0.6,-100,-100,-100,-100,-100,-100,-100,-100,-100,-100,-84,-100
B6_R1,B6,1,15,2.0,-100,-100,-100,-100,-100,-100,-81,-100,-100,-100,-66,-100
B6_R2,B6,2,15,1.6,-100,-100,-100,-100,-100,-100,-86,-100,-100,-100,-65,-100
B6_R3,B6,3,15,1.4,-100,-100,-100,-100,-100,-100,-100,-100,-100,-100,-69,-100
B7_R1,B7,1,15,6.47,-75,-100,-100,-100,-65,-74,-60,-66,-100,-100,-55,-100
B7_R2,B7,2,15,5.6,-75,-100,-100,-100,-100,-75,-61,-66,-100,-100,-56,-100
B7_R3,B7,3,15,5.33,-77,-100,-100,-100,-65,-77,-61,-69,-100,-100,-55,-100
C0_R1,C0,1,15,9.0,-48,-46,-75,-77,-78,-100,-83,-65,-67,-73,-100,-72
C0_R2,C0,2,15,11.27,-33,-38,-71,-61,-67,-77,-54,-63,-57,-67,-61,-64
C0_R3,C0,3,15,9.6,-35,-37,-70,-63,-65,-100,-64,-66,-57,-62,-68,-69
C1_R1,C1,1,15,2.4,-79,-100,-100,-100,-100,-100,-100,-100,-79,-100,-100,-100
C1_R2,C1,2,15,3.87,-79,-100,-83,-100,-100,-100,-100,-100,-82,-100,-100,-100
C1_R3,C1,3,15,5.0,-75,-76,-79,-100,-100,-100,-84,-100,-78,-100,-87,-100
