SessionId,CheckpointId,RunId,ScanCount,MinRawRows,MaxRawRows,MinMatchedFeatureCount,MaxMatchedFeatureCount,MeanMatchedFeatureCount,Ap00Df24G_PresentScans,Ap00Df5G_PresentScans,Ap2436Da9D3C24G_PresentScans,Ap2436Da9Df124G_PresentScans,Ap2436DaA38924G_PresentScans,Ap2436DaA3895G_PresentScans,Ap40017A539724G_PresentScans,Ap40017A53975G_PresentScans,Ap6C310E56E124G_PresentScans,Ap6C310E56E15G_PresentScans,Ap7488Bb8Aaa24G_PresentScans,ApF80BCbF38824G_PresentScans
A1_R1,A1,1,15,107,128,7,11,8.8,12,15,14,2,3,1,15,15,15,15,13,12
A1_R2,A1,2,15,114,161,7,9,8.6,15,15,15,0,0,0,14,15,12,15,15,13
A1_R3,A1,3,15,98,136,5,9,7.73,9,14,11,2,0,0,15,15,10,15,12,13
A2_R1,A2,1,15,93,143,6,9,7.8,11,15,10,0,0,0,15,15,12,15,11,13
A2_R2,A2,2,15,124,168,7,9,8.47,11,15,15,0,0,0,15,15,13,15,13,15
A2_R3,A2,3,15,120,146,6,9,7.93,11,15,12,0,0,0,15,15,12,15,14,10
A3_R1,A3,1,15,100,135,6,9,8.07,12,15,13,0,0,0,15,15,10,15,12,14
A3_R2,A3,2,15,128,179,7,9,8.6,13,15,11,0,0,0,15,15,15,15,15,15
A3_R3,A3,3,15,62,147,2,9,7.47,8,14,10,0,0,0,15,15,11,14,12,13
A4_R1,A4,1,15,83,129,6,9,7.53,11,15,4,0,0,0,15,15,11,15,14,13
A4_R2,A4,2,15,116,146,7,9,8.07,13,15,6,0,0,0,15,15,14,15,13,15
A4_R3,A4,3,15,79,112,6,9,7.33,8,15,5,0,0,0,15,15,10,15,12,15
A5_R1,A5,1,15,24,50,2,3,2.93,0,0,0,0,0,0,15,15,0,0,0,14
A5_R2,A5,2,15,33,54,3,3,3.0,0,0,0,0,0,0,15,15,0,0,0,15
A5_R3,A5,3,15,24,40,1,4,2.6,0,0,0,0,0,0,10,15,1,0,0,13
A6_R1,A6,1,15,49,145,3,8,4.27,1,1,2,0,0,0,15,15,14,1,1,14
A6_R2,A6,2,15,53,109,2,8,4.07,1,1,5,0,0,0,13,15,11,1,1,13
A6_R3,A6,3,15,47,127,2,8,3.8,1,1,1,0,0,0,12,15,13,1,1,12
A7_R1,A7,1,15,68,160,4,9,5.73,13,2,14,0,0,0,12,2,12,15,1,15
A7_R2,A7,2,15,69,96,3,6,5.27,11,0,12,0,0,0,15,0,12,15,0,14
A7_R3,A7,3,15,53,148,3,9,4.67,6,1,10,0,0,0,14,1,11,15,1,11
B1_R1,B1,1,15,89,126,7,10,8.13,9,15,3,5,3,15,15,15,11,15,11,5
B1_R2,B1,2,15,120,160,9,12,10.67,15,15,6,10,13,15,15,15,15,15,13,13
B1_R3,B1,3,15,101,161,7,12,9.33,9,15,8,9,6,14,14,15,11,15,14,10
B2_R1,B2,1,15,96,138,4,9,7.47,12,15,0,0,8,1,15,15,11,15,11,9
B2_R2,B2,2,15,120,167,8,10,9.0,15,15,2,1,12,1,15,15,15,15,14,15
B2_R3,B2,3,15,92,144,5,9,7.87,14,15,0,0,10,0,15,15,14,10,14,11
B3_R1,B3,1,15,105,145,6,8,7.2,10,15,0,0,0,0,15,15,15,15,15,8
B3_R2,B3,2,15,126,174,6,10,8.13,11,15,1,1,6,0,15,15,14,15,14,15
B3_R3,B3,3,15,103,158,5,9,7.33,13,15,0,0,3,0,14,15,15,15,12,8
B4_R1,B4,1,15,95,135,6,9,7.33,10,15,0,0,5,0,15,15,13,14,13,10
B4_R2,B4,2,15,107,145,7,9,7.8,13,15,0,0,6,0,13,15,14,15,14,12
B4_R3,B4,3,15,96,147,5,9,7.27,9,15,0,0,1,0,15,15,12,15,14,13
B5_R1,B5,1,15,43,65,0,1,0.13,0,0,0,0,0,0,0,0,0,0,2,0
B5_R2,B5,2,15,49,121,0,7,1.4,0,2,0,0,0,0,2,2,1,2,10,2
B5_R3,B5,3,15,40,76,0,1,0.6,0,0,0,0,0,0,0,0,0,0,9,0
B6_R1,B6,1,15,85,119,2,2,2.0,0,0,0,0,0,0,15,0,0,0,15,0
B6_R2,B6,2,15,72,90,1,2,1.6,0,0,0,0,0,0,9,0,0,0,15,0
B6_R3,B6,3,15,70,109,1,3,1.4,0,0,0,0,0,0,7,1,0,1,12,0
B7_R1,B7,1,15,77,106,5,10,6.47,14,2,0,2,14,15,14,15,4,2,15,0
B7_R2,B7,2,15,53,85,4,8,5.6,10,2,6,0,5,15,12,15,5,0,14,0
B7_R3,B7,3,15,67,90,4,7,5.33,8,6,0,0,10,14,13,15,3,0,11,0
C0_R1,C0,1,15,74,113,5,10,9.0,12,15,12,12,12,0,15,10,12,15,5,15
C0_R2,C0,2,15,127,182,10,12,11.27,15,15,14,14,9,12,15,15,15,15,15,15
C0_R3,C0,3,15,106,147,7,11,9.6,10,15,13,12,14,2,15,15,12,15,11,10
C1_R1,C1,1,15,16,30,2,3,2.4,15,0,5,0,0,0,1,0,15,0,0,0
C1_R2,C1,2,15,17,100,2,11,3.87,15,1,11,1,7,0,5,1,14,1,1,1
C1_R3,C1,3,15,22,131,2,11,5.0,9,15,9,1,6,0,11,1,11,1,8,3
